Benzene,eq_ratio,X,Y,Temperature
0.0,0.8,0,70,1626.82316470588
0.0,0.8,10,70,1457.39634027778
0.0,0.8,15,70,1326.43572280702
0.0,0.8,20,70,1194.02415767196
0.0,0.8,30,70,1020.1303957672
0.0,0.8,40,70,976.520202564103
0.0,0.8,60,70,973.181963636363
0.0,0.8,100,70,972.806041666667
0.0,0.8,0,80,1599.6995042735
0.0,0.8,10,80,1428.58909166667
0.0,0.8,15,80,1318.32347407407
0.0,0.8,20,80,1213.57036666667
0.0,0.8,30,80,1033.32503921569
0.0,0.8,40,80,978.826296875
0.0,0.8,60,80,976.755715238095
0.0,0.8,100,80,976.447763768116
0.0,0.8,0,100,1534.20178782051
0.0,0.8,10,100,1400.35279308176
0.0,0.8,15,100,1314.55016666667
0.0,0.8,20,100,1228.65045846994
0.0,0.8,30,100,1049.11666885246
0.0,0.8,40,100,990.608313953489
0.0,0.8,60,100,983.268591111111
0.0,0.8,100,100,982.704785714286
0.0,0.8,0,150,1410.96193541667
0.0,0.8,10,150,1339.56626842105
0.0,0.8,15,150,1286.44200952381
0.0,0.8,20,150,1226.56002786885
0.0,0.8,30,150,1111.95011547619
0.0,0.8,40,150,1017.34714262295
0.0,0.8,60,150,988.484482051282
0.0,0.8,100,150,986.511253191489
0.0,0.8,0,200,1328.90378888889
0.0,0.8,10,200,1284.30362666667
0.0,0.8,15,200,1256.59085714286
0.0,0.8,20,200,1215.22691006289
0.0,0.8,30,200,1135.08880655738
0.0,0.8,40,200,1052.5579039548
0.0,0.8,60,200,994.393704878049
0.0,0.8,100,200,988.421801149425
0.0,0.8,0,250,1278.07783333333
0.0,0.8,10,250,1242.6452051282
0.0,0.8,15,250,1215.8192
0.0,0.8,20,250,1196.27858222222
0.0,0.8,30,250,1140.5928237037
0.0,0.8,40,250,1077.74703333333
0.0,0.8,60,250,1007.57777407407
0.0,0.8,100,250,992.954233333333
0.0,0.8,0,300,1231.91035555556
0.0,0.8,10,300,1210.40372952381
0.0,0.8,15,300,1196.58065263158
0.0,0.8,20,300,1175.48963333333
0.0,0.8,30,300,1133.86556666667
0.0,0.8,40,300,1094.73106666667
0.0,0.8,60,300,1026.4046
0.0,0.8,100,300,997.547333333333
0.0,0.8,0,400,1174.22785324074
0.0,0.8,10,400,1158.75616666667
0.0,0.8,15,400,1151.91629166667
0.0,0.8,20,400,1140.68592222222
0.0,0.8,30,400,1114.93043333333
0.0,0.8,40,400,1094.0503
0.0,0.8,60,400,1059.68623040936
0.0,0.8,100,400,1006.58677387387
0.0,0.8,0,500,1164.55189562202
0.0,0.8,10,500,1154.81909342957
0.0,0.8,15,500,1150.05596286021
0.0,0.8,20,500,1134.37956380169
0.0,0.8,30,500,1126.80055171526
0.0,0.8,40,500,1112.64987521071
0.0,0.8,60,500,1078.84589093447
0.0,0.8,100,500,1035.80055171526
0.0,0.91,0,70,1617.2201244186
0.0,0.91,10,70,1496.41672407407
0.0,0.91,15,70,1358.93079259259
0.0,0.91,20,70,1232.82399666667
0.0,0.91,30,70,1023.16662929293
0.0,0.91,40,70,994.097236111111
0.0,0.91,60,70,991.023964583334
0.0,0.91,100,70,990.423766666666
0.0,0.91,0,80,1598.04448559671
0.0,0.91,10,80,1478.02274444444
0.0,0.91,15,80,1348.07314637681
0.0,0.91,20,80,1238.47178333333
0.0,0.91,30,80,1049.0423974359
0.0,0.91,40,80,999.956342528735
0.0,0.91,60,80,996.489163333334
0.0,0.91,100,80,995.832005555555
0.0,0.91,0,100,1563.51759166667
0.0,0.91,10,100,1452.15136969697
0.0,0.91,15,100,1339.24253055556
0.0,0.91,20,100,1247.11655263158
0.0,0.91,30,100,1079.49368796296
0.0,0.91,40,100,1008.67636
0.0,0.91,60,100,1001.59570555556
0.0,0.91,100,100,1001.66472727273
0.0,0.91,0,150,1451.13080666667
0.0,0.91,10,150,1374.27234666667
0.0,0.91,15,150,1314.6980962963
0.0,0.91,20,150,1253.6782125
0.0,0.91,30,150,1131.61953333333
0.0,0.91,40,150,1038.68888888889
0.0,0.91,60,150,1007.26258333333
0.0,0.91,100,150,1008.73268666667
0.0,0.91,0,200,1374.32536666667
0.0,0.91,10,200,1324.38375333333
0.0,0.91,15,200,1290.654490625
0.0,0.91,20,200,1244.98255555556
0.0,0.91,30,200,1156.67760448718
0.0,0.91,40,200,1074.29877809524
0.0,0.91,60,200,1012.88083055556
0.0,0.91,100,200,1011.25364166667
0.0,0.91,0,250,1319.52065333333
0.0,0.91,10,250,1283.19332592593
0.0,0.91,15,250,1258.19295
0.0,0.91,20,250,1227.53798666667
0.0,0.91,30,250,1159.58176190476
0.0,0.91,40,250,1098.87170952381
0.0,0.91,60,250,1023.64952222222
0.0,0.91,100,250,1015.44867666667
0.0,0.91,0,300,1280.02352727273
0.0,0.91,10,300,1252.06724615385
0.0,0.91,15,300,1231.37862222222
0.0,0.91,20,300,1210.47036666667
0.0,0.91,30,300,1161.77007346939
0.0,0.91,40,300,1112.68855072464
0.0,0.91,60,300,1040.56020454545
0.0,0.91,100,300,1018.23760666667
0.0,0.91,0,400,1222.06043
0.0,0.91,10,400,1206.86529583333
0.0,0.91,15,400,1194.03338690476
0.0,0.91,20,400,1183.38443888889
0.0,0.91,30,400,1155.16038888889
0.0,0.91,40,400,1123.43514166667
0.0,0.91,60,400,1073.71081833333
0.0,0.91,100,400,1029.68410555556
0.0,0.91,0,500,1181.28909487179
0.0,0.91,10,500,1171.067195
0.0,0.91,15,500,1163.98955333333
0.0,0.91,20,500,1159.71497708333
0.0,0.91,30,500,1141.13852142857
0.0,0.91,40,500,1122.87274615385
0.0,0.91,60,500,1086.33556111111
0.0,0.91,100,500,1042.35832380952
0.0,1.1,0,70,1605.73901851852
0.0,1.1,10,70,1476.72453333333
0.0,1.1,15,70,1368.61084615385
0.0,1.1,20,70,1252.3514875
0.0,1.1,30,70,983.631501123596
0.0,1.1,40,70,934.692010144928
0.0,1.1,60,70,928.948155555555
0.0,1.1,100,70,927.367393333333
0.0,1.1,0,80,1563.86101333333
0.0,1.1,10,80,1456.2621952381
0.0,1.1,15,80,1366.44704583333
0.0,1.1,20,80,1263.95602695035
0.0,1.1,30,80,1024.80935
0.0,1.1,40,80,938.464977419355
0.0,1.1,60,80,930.845712121212
0.0,1.1,100,80,929.196875757576
0.0,1.1,0,100,1515.08581176471
0.0,1.1,10,100,1420.51027916667
0.0,1.1,15,100,1345.36522083333
0.0,1.1,20,100,1275.61985797101
0.0,1.1,30,100,1056.54103333333
0.0,1.1,40,100,951.525564367816
0.0,1.1,60,100,935.371353703704
0.0,1.1,100,100,934.180060416667
0.0,1.1,0,150,1406.19775555556
0.0,1.1,10,150,1353.2672
0.0,1.1,15,150,1306.740875
0.0,1.1,20,150,1256.65736266667
0.0,1.1,30,150,1105.4473
0.0,1.1,40,150,994.288833333334
0.0,1.1,60,150,939.525922988506
0.0,1.1,100,150,936.47805
0.0,1.1,0,200,1325.25883
0.0,1.1,10,200,1291.31303333333
0.0,1.1,15,200,1254.17571904762
0.0,1.1,20,200,1211.57535384615
0.0,1.1,30,200,1121.25056666667
0.0,1.1,40,200,1026.22044210526
0.0,1.1,60,200,947.836999122807
0.0,1.1,100,200,939.282976
0.0,1.1,0,250,1263.72955555556
0.0,1.1,10,250,1237.50708333333
0.0,1.1,15,250,1212.88039487179
0.0,1.1,20,250,1179.20646666667
0.0,1.1,30,250,1128.98584320988
0.0,1.1,40,250,1056.02343989899
0.0,1.1,60,250,968.464530769231
0.0,1.1,100,250,943.440883333333
0.0,1.1,0,300,1220.76295555556
0.0,1.1,10,300,1200.25636296296
0.0,1.1,15,300,1178.65436666667
0.0,1.1,20,300,1161.0481
0.0,1.1,30,300,1129.20476666667
0.0,1.1,40,300,1075.34434285714
0.0,1.1,60,300,993.175275384615
0.0,1.1,100,300,950.729265432099
0.0,1.1,0,400,1152.42578205128
0.0,1.1,10,400,1139.37979259259
0.0,1.1,15,400,1128.3957037037
0.0,1.1,20,400,1116.94802592593
0.0,1.1,30,400,1102.09676666667
0.0,1.1,40,400,1066.86747826087
0.0,1.1,60,400,1028.15054848485
0.0,1.1,100,400,961.800913580247
0.0,1.1,0,500,1111.90224285714
0.0,1.1,10,500,1100.86719444444
0.0,1.1,15,500,1096.18138333333
0.0,1.1,20,500,1087.92085365854
0.0,1.1,30,500,1072.63628181818
0.0,1.1,40,500,1051.75621666667
0.0,1.1,60,500,1015.03639166667
0.0,1.1,100,500,973.029898148148
0.0,1.2,0,70,1550.2832
0.0,1.2,10,70,1437.77671666667
0.0,1.2,15,70,1334.16980392157
0.0,1.2,20,70,1211.33396666667
0.0,1.2,30,70,980.7695625
0.0,1.2,40,70,890.9308
0.0,1.2,60,70,889.029933333333
0.0,1.2,100,70,883.938276190476
0.0,1.2,0,80,1527.472
0.0,1.2,10,80,1428.92203333333
0.0,1.2,15,80,1324.62371666667
0.0,1.2,20,80,1215.9486
0.0,1.2,30,80,988.092
0.0,1.2,40,80,896.291316666667
0.0,1.2,60,80,888.462133333333
0.0,1.2,100,80,901.789333333333
0.0,1.2,0,100,1466.4708
0.0,1.2,10,100,1368.15501111111
0.0,1.2,15,100,1292.42156666667
0.0,1.2,20,100,1197.26841025641
0.0,1.2,30,100,1011.20577777778
0.0,1.2,40,100,911.760035416667
0.0,1.2,60,100,898.210486666666
0.0,1.2,100,100,898.779465079365
0.0,1.2,0,150,1341.91843333333
0.0,1.2,10,150,1287.7761
0.0,1.2,15,150,1228.03550454545
0.0,1.2,20,150,1176.97923333333
0.0,1.2,30,150,1050.98630625
0.0,1.2,40,150,955.85011025641
0.0,1.2,60,150,899.804083333333
0.0,1.2,100,150,895.845391666667
0.0,1.2,0,200,1254.34816666667
0.0,1.2,10,200,1222.39636
0.0,1.2,15,200,1190.593
0.0,1.2,20,200,1152.94017857143
0.0,1.2,30,200,1062.12601111111
0.0,1.2,40,200,986.411795454546
0.0,1.2,60,200,903.923849019608
0.0,1.2,100,200,898.114011904762
0.0,1.2,0,250,1198.3954
0.0,1.2,10,250,1175.86518888889
0.0,1.2,15,250,1147.06273913043
0.0,1.2,20,250,1129.48114285714
0.0,1.2,30,250,1069.84355555556
0.0,1.2,40,250,1014.70355
0.0,1.2,60,250,927.781497777778
0.0,1.2,100,250,903.919877083333
0.0,1.2,0,300,1166.4357
0.0,1.2,10,300,1152.98024137931
0.0,1.2,15,300,1127.06325185185
0.0,1.2,20,300,1101.92865277778
0.0,1.2,30,300,1054.1337
0.0,1.2,40,300,1011.64186666667
0.0,1.2,60,300,941.55235
0.0,1.2,100,300,905.037766666667
0.0,1.2,0,400,1093.31878333333
0.0,1.2,10,400,1080.87795384615
0.0,1.2,15,400,1068.90734047619
0.0,1.2,20,400,1057.95186666667
0.0,1.2,30,400,1038.56633888889
0.0,1.2,40,400,1010.40080769231
0.0,1.2,60,400,960.379566666667
0.0,1.2,100,400,915.758846666667
0.0,1.2,0,500,1055.65615
0.0,1.2,10,500,1045.22376666667
0.0,1.2,15,500,1040.08454814815
0.0,1.2,20,500,1033.89998
0.0,1.2,30,500,1018.16242222222
0.0,1.2,40,500,1005.04070952381
0.0,1.2,60,500,976.221526666667
0.0,1.2,100,500,933.57885
0.0,1.05,0,70,1616.21426666667
0.0,1.05,10,70,1498.77715897436
0.0,1.05,15,70,1374.38953333333
0.0,1.05,20,70,1262.140625
0.0,1.05,30,70,1020.85650909091
0.0,1.05,40,70,972.08943699187
0.0,1.05,60,70,968.996714285714
0.0,1.05,100,70,968.696791666667
0.0,1.05,0,80,1595.3605
0.0,1.05,10,80,1475.12262952687
0.0,1.05,15,80,1370.89526666667
0.0,1.05,20,80,1266.57372352941
0.0,1.05,30,80,1037.35603888889
0.0,1.05,40,80,974.289882222222
0.0,1.05,60,80,968.309831884058
0.0,1.05,100,80,967.457819444444
0.0,1.05,0,100,1544.3728125
0.0,1.05,10,100,1443.83609111111
0.0,1.05,15,100,1358.39448611111
0.0,1.05,20,100,1261.60752291667
0.0,1.05,30,100,1076.38576504065
0.0,1.05,40,100,981.975594444444
0.0,1.05,60,100,970.046566666666
0.0,1.05,100,100,969.681832
0.0,1.05,0,150,1442.69991333333
0.0,1.05,10,150,1381.8326
0.0,1.05,15,150,1325.93132
0.0,1.05,20,150,1260.12659090909
0.0,1.05,30,150,1134.03193033033
0.0,1.05,40,150,1020.42543690476
0.0,1.05,60,150,975.217611458333
0.0,1.05,100,150,974.164421428571
0.0,1.05,0,200,1361.66999607843
0.0,1.05,10,200,1322.51372156863
0.0,1.05,15,200,1292.54776049383
0.0,1.05,20,200,1247.62509710145
0.0,1.05,30,200,1155.61541794872
0.0,1.05,40,200,1061.45140606061
0.0,1.05,60,200,978.957244444444
0.0,1.05,100,200,977.001619047619
0.0,1.05,0,250,1299.82555555556
0.0,1.05,10,250,1271.60677555556
0.0,1.05,15,250,1251.74499007092
0.0,1.05,20,250,1220.6671877551
0.0,1.05,30,250,1150.80954205128
0.0,1.05,40,250,1078.01703787879
0.0,1.05,60,250,994.420744444445
0.0,1.05,100,250,981.8821
0.0,1.05,0,300,1266.28156
0.0,1.05,10,300,1241.58717555556
0.0,1.05,15,300,1223.26786241135
0.0,1.05,20,300,1202.98534666667
0.0,1.05,30,300,1148.34991481481
0.0,1.05,40,300,1101.47705
0.0,1.05,60,300,1014.858025
0.0,1.05,100,300,985.0944
0.0,1.05,0,400,1202.03777368421
0.0,1.05,10,400,1183.28745185185
0.0,1.05,15,400,1176.02655
0.0,1.05,20,400,1161.72198
0.0,1.05,30,400,1132.29248888889
0.0,1.05,40,400,1098.66220588235
0.0,1.05,60,400,1045.99956666667
0.0,1.05,100,400,998.92362
0.0,1.05,0,500,1157.48051212121
0.0,1.05,10,500,1147.55229259259
0.0,1.05,15,500,1142.34142254902
0.0,1.05,20,500,1133.89455740741
0.0,1.05,30,500,1115.70787222222
0.0,1.05,40,500,1095.4578963964
0.0,1.05,60,500,1055.23304166667
0.0,1.05,100,500,1006.43227380952
0.0,1.0,0,70,1645.05596286021
0.0,1.0,10,70,1517.83880384615
0.0,1.0,15,70,1404.78091388889
0.0,1.0,20,70,1262.87702941176
0.0,1.0,30,70,1032.48429032258
0.0,1.0,40,70,990.541612903225
0.0,1.0,60,70,988.282677419355
0.0,1.0,100,70,986.453387096774
0.0,1.0,0,80,1610.67818666667
0.0,1.0,10,80,1501.77895208333
0.0,1.0,15,80,1391.58645208333
0.0,1.0,20,80,1266.5
0.0,1.0,30,80,1044.66666666667
0.0,1.0,40,80,998.7067
0.0,1.0,60,80,994.3969
0.0,1.0,100,80,993.639633333334
0.0,1.0,0,100,1564.66803333333
0.0,1.0,10,100,1475.23663939394
0.0,1.0,15,100,1364.1684
0.0,1.0,20,100,1272.0246
0.0,1.0,30,100,1077.31456666667
0.0,1.0,40,100,1007.3574
0.0,1.0,60,100,997.077066666667
0.0,1.0,100,100,995.729733333333
0.0,1.0,0,150,1470.45413333333
0.0,1.0,10,150,1393.01866666667
0.0,1.0,15,150,1327.59573333333
0.0,1.0,20,150,1276.0907
0.0,1.0,30,150,1158.54206666667
0.0,1.0,40,150,1048.56693333333
0.0,1.0,60,150,1003.3191
0.0,1.0,100,150,1000.3781
0.0,1.0,0,200,1401.80613333333
0.0,1.0,10,200,1345.01806666667
0.0,1.0,15,200,1306.71793333333
0.0,1.0,20,200,1267.04303333333
0.0,1.0,30,200,1181.58993333333
0.0,1.0,40,200,1088.70606666667
0.0,1.0,60,200,1012.70653333333
0.0,1.0,100,200,1003.8669
0.0,1.0,0,250,1352.93276666667
0.0,1.0,10,250,1303.42803333333
0.0,1.0,15,250,1281.37226277372
0.0,1.0,20,250,1248.6252
0.0,1.0,30,250,1176.55189562203
0.0,1.0,40,250,1104.81909342957
0.0,1.0,60,250,1024.4398
0.0,1.0,100,250,1007.6604
0.0,1.0,0,300,1314.67473333333
0.0,1.0,10,300,1284.0272
0.0,1.0,15,300,1262.4046
0.0,1.0,20,300,1240.47226666667
0.0,1.0,30,300,1192.37056666667
0.0,1.0,40,300,1143.98782601232
0.0,1.0,60,300,1062.05176666667
0.0,1.0,100,300,1014.42023333333
0.0,1.0,0,400,1249.5023
0.0,1.0,10,400,1235.75676666667
0.0,1.0,15,400,1228.44173333333
0.0,1.0,20,400,1214.56853333333
0.0,1.0,30,400,1187.70956666667
0.0,1.0,40,400,1156.09906666667
0.0,1.0,60,400,1098.76736666667
0.0,1.0,100,400,1023.77273333333
0.0,1.0,0,500,1207.88776666667
0.0,1.0,10,500,1201.67893333333
0.0,1.0,15,500,1199.52653333333
0.0,1.0,20,500,1191.7561
0.0,1.0,30,500,1174.07286666667
0.0,1.0,40,500,1154.614
0.0,1.0,60,500,1112.29393333333
0.0,1.0,100,500,1043.12483333333
0.5,0.8,0,70,1615.65485842697
0.5,0.8,10,70,1438.09964728682
0.5,0.8,15,70,1307.75248888889
0.5,0.8,20,70,1181.8657617284
0.5,0.8,30,70,994.910119298246
0.5,0.8,40,70,960.37448627451
0.5,0.8,60,70,957.820571875
0.5,0.8,100,70,956.327153846154
0.5,0.8,0,80,1590.571
0.5,0.8,10,80,1426.23628311688
0.5,0.8,15,80,1299.74225757576
0.5,0.8,20,80,1202.3987
0.5,0.8,30,80,1025.15810070922
0.5,0.8,40,80,965.281438095238
0.5,0.8,60,80,958.691612612613
0.5,0.8,100,80,958.356860294118
0.5,0.8,0,100,1509.65343560606
0.5,0.8,10,100,1391.24723055556
0.5,0.8,15,100,1292.48266140351
0.5,0.8,20,100,1210.30449166667
0.5,0.8,30,100,1036.40213333333
0.5,0.8,40,100,968.4212
0.5,0.8,60,100,960.645795833333
0.5,0.8,100,100,959.57854
0.5,0.8,0,150,1415.71412039801
0.5,0.8,10,150,1321.313432
0.5,0.8,15,150,1264.28291238095
0.5,0.8,20,150,1200.90351190476
0.5,0.8,30,150,1084.41670925926
0.5,0.8,40,150,1000.8652
0.5,0.8,60,150,964.803965079365
0.5,0.8,100,150,962.039141666667
0.5,0.8,0,200,1306.73813533333
0.5,0.8,10,200,1262.6031969697
0.5,0.8,15,200,1230.10995606061
0.5,0.8,20,200,1175.50603366501
0.5,0.8,30,200,1088.33968897059
0.5,0.8,40,200,1017.48691111111
0.5,0.8,60,200,969.706769607843
0.5,0.8,100,200,963.965531746031
0.5,0.8,0,250,1252.76381904762
0.5,0.8,10,250,1219.07122170543
0.5,0.8,15,250,1197.08290246914
0.5,0.8,20,250,1165.50308229167
0.5,0.8,30,250,1099.43967025641
0.5,0.8,40,250,1045.66369161677
0.5,0.8,60,250,983.298843220339
0.5,0.8,100,250,967.786003278688
0.5,0.8,0,300,1208.65459126984
0.5,0.8,10,300,1184.92864065041
0.5,0.8,15,300,1171.87882760417
0.5,0.8,20,300,1155.2345304878
0.5,0.8,30,300,1108.0109352381
0.5,0.8,40,300,1059.76066880734
0.5,0.8,60,300,1001.92207062147
0.5,0.8,100,300,973.954804081633
0.5,0.8,0,400,1174.71943333333
0.5,0.8,10,400,1162.9734
0.5,0.8,15,400,1145.50066666667
0.5,0.8,20,400,1130.7606013468
0.5,0.8,30,400,1104.38158860759
0.5,0.8,40,400,1077.85608431372
0.5,0.8,60,400,1028.36660393939
0.5,0.8,100,400,981.728987356322
0.5,0.8,0,500,1140.98782601232
0.5,0.8,10,500,1131.92147108993
0.5,0.8,15,500,1125.76501700512
0.5,0.8,20,500,1118.8697196459
0.5,0.8,30,500,1103.17353877093
0.5,0.8,40,500,1090.93964875088
0.5,0.8,60,500,1064.2563800359
0.5,0.8,100,500,1018.22353641212
0.5,0.91,0,70,1618.17584557823
0.5,0.91,10,70,1478.11202357724
0.5,0.91,15,70,1342.39562083333
0.5,0.91,20,70,1226.78878444444
0.5,0.91,30,70,1026.02755238095
0.5,0.91,40,70,972.565222222222
0.5,0.91,60,70,969.571996666667
0.5,0.91,100,70,968.883783333333
0.5,0.91,0,80,1605.51050752688
0.5,0.91,10,80,1460.80289803922
0.5,0.91,15,80,1331.80150679012
0.5,0.91,20,80,1239.75996666667
0.5,0.91,30,80,1038.08608494624
0.5,0.91,40,80,971.937534848485
0.5,0.91,60,80,970.465503030303
0.5,0.91,100,80,969.779733333333
0.5,0.91,0,100,1574.52056481481
0.5,0.91,10,100,1421.64987521071
0.5,0.91,15,100,1332.66541
0.5,0.91,20,100,1248.81255760114
0.5,0.91,30,100,1069.04350510967
0.5,0.91,40,100,983.166154166667
0.5,0.91,60,100,973.270266666667
0.5,0.91,100,100,974.385004761905
0.5,0.91,0,150,1439.34801190476
0.5,0.91,10,150,1368.38157424242
0.5,0.91,15,150,1312.17329880952
0.5,0.91,20,150,1243.79436984127
0.5,0.91,30,150,1124.53923333333
0.5,0.91,40,150,1030.68448833333
0.5,0.91,60,150,978.405894444445
0.5,0.91,100,150,977.864286111111
0.5,0.91,0,200,1350.43879809524
0.5,0.91,10,200,1314.664
0.5,0.91,15,200,1279.13321041667
0.5,0.91,20,200,1231.17052033898
0.5,0.91,30,200,1141.51532
0.5,0.91,40,200,1071.53531034483
0.5,0.91,60,200,987.312192424242
0.5,0.91,100,200,981.991323655914
0.5,0.91,0,250,1298.15332380952
0.5,0.91,10,250,1275.17664848485
0.5,0.91,15,250,1253.18446666667
0.5,0.91,20,250,1221.98954888889
0.5,0.91,30,250,1146.64208518519
0.5,0.91,40,250,1075.47020175439
0.5,0.91,60,250,1001.37098484849
0.5,0.91,100,250,986.840555555555
0.5,0.91,0,300,1243.91384761905
0.5,0.91,10,300,1230.90297708333
0.5,0.91,15,300,1210.2068025641
0.5,0.91,20,300,1183.9963968254
0.5,0.91,30,300,1129.98442222222
0.5,0.91,40,300,1093.19122619048
0.5,0.91,60,300,1014.52008205128
0.5,0.91,100,300,989.472237037037
0.5,0.91,0,400,1191.74527179487
0.5,0.91,10,400,1180.11128461538
0.5,0.91,15,400,1169.18318627451
0.5,0.91,20,400,1147.97552666667
0.5,0.91,30,400,1125.08782857143
0.5,0.91,40,400,1092.71122694064
0.5,0.91,60,400,1043.35142941176
0.5,0.91,100,400,1001.40633939394
0.5,0.91,0,500,1143.40033589744
0.5,0.91,10,500,1130.50621491228
0.5,0.91,15,500,1120.65811111111
0.5,0.91,20,500,1114.74031481481
0.5,0.91,30,500,1097.72547727273
0.5,0.91,40,500,1081.14807555556
0.5,0.91,60,500,1046.22415724638
0.5,0.91,100,500,1008.04397916667
0.5,1.1,0,70,1585.97569583333
0.5,1.1,10,70,1464.84348109635
0.5,1.1,15,70,1355.10730798709
0.5,1.1,20,70,1247.96051004077
0.5,1.1,30,70,998.544884057971
0.5,1.1,40,70,947.265209803921
0.5,1.1,60,70,943.334955555555
0.5,1.1,100,70,941.371314035088
0.5,1.1,0,80,1561.7498625
0.5,1.1,10,80,1448.00962370969
0.5,1.1,15,80,1351.17353877093
0.5,1.1,20,80,1256.36274874318
0.5,1.1,30,80,1010.18566095238
0.5,1.1,40,80,950.062993859649
0.5,1.1,60,80,941.961874509804
0.5,1.1,100,80,941.834827777778
0.5,1.1,0,100,1512.773255
0.5,1.1,10,100,1422.83681717172
0.5,1.1,15,100,1336.73726041667
0.5,1.1,20,100,1244.501
0.5,1.1,30,100,1054.046088
0.5,1.1,40,100,965.036244444444
0.5,1.1,60,100,947.676154761905
0.5,1.1,100,100,946.166106862745
0.5,1.1,0,150,1405.0315037037
0.5,1.1,10,150,1350.94982916667
0.5,1.1,15,150,1298.18707777778
0.5,1.1,20,150,1234.3188875
0.5,1.1,30,150,1110.74265045045
0.5,1.1,40,150,996.160578703704
0.5,1.1,60,150,949.150664864864
0.5,1.1,100,150,935.8904375
0.5,1.1,0,200,1331.53672222222
0.5,1.1,10,200,1293.90016666667
0.5,1.1,15,200,1259.00368095238
0.5,1.1,20,200,1217.8829
0.5,1.1,30,200,1130.90007222222
0.5,1.1,40,200,1034.40869846154
0.5,1.1,60,200,953.220650724638
0.5,1.1,100,200,945.105726388889
0.5,1.1,0,250,1277.43856458333
0.5,1.1,10,250,1250.05271904762
0.5,1.1,15,250,1225.72585333333
0.5,1.1,20,250,1198.52366666667
0.5,1.1,30,250,1136.28995952381
0.5,1.1,40,250,1062.08645402299
0.5,1.1,60,250,971.413144444445
0.5,1.1,100,250,949.629661375661
0.5,1.1,0,300,1229.89344814815
0.5,1.1,10,300,1212.66161111111
0.5,1.1,15,300,1195.39225238095
0.5,1.1,20,300,1174.44910833333
0.5,1.1,30,300,1141.19021733333
0.5,1.1,40,300,1082.97636078431
0.5,1.1,60,300,997.399844444444
0.5,1.1,100,300,955.475843589743
0.5,1.1,0,400,1167.53399285714
0.5,1.1,10,400,1153.54276
0.5,1.1,15,400,1145.0127037037
0.5,1.1,20,400,1134.78808484848
0.5,1.1,30,400,1106.60501904762
0.5,1.1,40,400,1078.68210416667
0.5,1.1,60,400,1032.716455
0.5,1.1,100,400,968.996336190476
0.5,1.1,0,500,1122.66266666667
0.5,1.1,10,500,1116.05490333333
0.5,1.1,15,500,1110.48591428571
0.5,1.1,20,500,1103.24987575758
0.5,1.1,30,500,1086.11514285714
0.5,1.1,40,500,1071.91372592593
0.5,1.1,60,500,1034.32989259259
0.5,1.1,100,500,990.795138461539
0.5,1.2,0,70,1524.09466666667
0.5,1.2,10,70,1417.884346875
0.5,1.2,15,70,1320.78873333333
0.5,1.2,20,70,1209.03861428571
0.5,1.2,30,70,978.499841666667
0.5,1.2,40,70,898.553703333333
0.5,1.2,60,70,890.832673333333
0.5,1.2,100,70,888.686908333333
0.5,1.2,0,80,1494.30157948718
0.5,1.2,10,80,1385.74436
0.5,1.2,15,80,1302.5462462963
0.5,1.2,20,80,1192.7895125
0.5,1.2,30,80,983.944333333333
0.5,1.2,40,80,899.363152380952
0.5,1.2,60,80,892.478726666667
0.5,1.2,100,80,888.686908333333
0.5,1.2,0,100,1450.28961666667
0.5,1.2,10,100,1350.44889666667
0.5,1.2,15,100,1276.7792
0.5,1.2,20,100,1193.26815757576
0.5,1.2,30,100,1013.18929753086
0.5,1.2,40,100,917.655427777778
0.5,1.2,60,100,900.753127777778
0.5,1.2,100,100,896.588146666667
0.5,1.2,0,150,1342.91331666667
0.5,1.2,10,150,1270.10547291667
0.5,1.2,15,150,1215.24791190476
0.5,1.2,20,150,1163.89073978243
0.5,1.2,30,150,1044.82016638407
0.5,1.2,40,150,947.471533333333
0.5,1.2,60,150,903.4417
0.5,1.2,100,150,899.266888888889
0.5,1.2,0,200,1259.29701515152
0.5,1.2,10,200,1226.51881944444
0.5,1.2,15,200,1186.35676666667
0.5,1.2,20,200,1147.47438888889
0.5,1.2,30,200,1061.51971666667
0.5,1.2,40,200,996.955104166667
0.5,1.2,60,200,919.293596969697
0.5,1.2,100,200,908.6639375
0.5,1.2,0,250,1199.55196666667
0.5,1.2,10,250,1167.16466666667
0.5,1.2,15,250,1145.96495238095
0.5,1.2,20,250,1121.4563
0.5,1.2,30,250,1061.52190555556
0.5,1.2,40,250,1001.06817435897
0.5,1.2,60,250,926.425118518519
0.5,1.2,100,250,909.893016666667
0.5,1.2,0,300,1159.732
0.5,1.2,10,300,1144.85843333333
0.5,1.2,15,300,1125.75954166667
0.5,1.2,20,300,1106.0334
0.5,1.2,30,300,1062.21761666667
0.5,1.2,40,300,1019.2899
0.5,1.2,60,300,954.140683333333
0.5,1.2,100,300,921.092324444444
0.5,1.2,0,400,1102.95986666667
0.5,1.2,10,400,1091.42660714286
0.5,1.2,15,400,1085.25555238095
0.5,1.2,20,400,1073.41663333333
0.5,1.2,30,400,1049.76197222222
0.5,1.2,40,400,1017.03613333333
0.5,1.2,60,400,965.283638095238
0.5,1.2,100,400,923.9432875
0.5,1.2,0,500,1070.22252352941
0.5,1.2,10,500,1061.69141333333
0.5,1.2,15,500,1053.62053333333
0.5,1.2,20,500,1050.44295333333
0.5,1.2,30,500,1035.86318333333
0.5,1.2,40,500,1019.92472222222
0.5,1.2,60,500,995.102687179487
0.5,1.2,100,500,944.41319047619
0.5,1.05,0,70,1612.05266010101
0.5,1.05,10,70,1484.384498
0.5,1.05,15,70,1359.84589093447
0.5,1.05,20,70,1232.06474716981
0.5,1.05,30,70,1015.27377666667
0.5,1.05,40,70,972.865966666667
0.5,1.05,60,70,969.887666666667
0.5,1.05,100,70,969.501411111111
0.5,1.05,0,80,1589.020095
0.5,1.05,10,80,1472.24224375
0.5,1.05,15,80,1351.94414537037
0.5,1.05,20,80,1242.66269702381
0.5,1.05,30,80,1027.75463854167
0.5,1.05,40,80,977.969761764706
0.5,1.05,60,80,974.810918518519
0.5,1.05,100,80,974.192738576779
0.5,1.05,0,100,1544.49427738095
0.5,1.05,10,100,1435.94496666667
0.5,1.05,15,100,1343.1897372549
0.5,1.05,20,100,1247.55146047009
0.5,1.05,30,100,1059.9366082774
0.5,1.05,40,100,985.071457017544
0.5,1.05,60,100,976.158578205128
0.5,1.05,100,100,976.038788888889
0.5,1.05,0,150,1437.10505185185
0.5,1.05,10,150,1378.16079259259
0.5,1.05,15,150,1318.859375
0.5,1.05,20,150,1242.46715897436
0.5,1.05,30,150,1125.82746153846
0.5,1.05,40,150,1019.94115185185
0.5,1.05,60,150,982.648693333333
0.5,1.05,100,150,982.335196153846
0.5,1.05,0,200,1359.857075
0.5,1.05,10,200,1322.30298823529
0.5,1.05,15,200,1281.44975988701
0.5,1.05,20,200,1238.48074141414
0.5,1.05,30,200,1145.49406266667
0.5,1.05,40,200,1055.82564774775
0.5,1.05,60,200,986.796246153846
0.5,1.05,100,200,984.258854545454
0.5,1.05,0,250,1301.72811372549
0.5,1.05,10,250,1273.31953333333
0.5,1.05,15,250,1252.30861172839
0.5,1.05,20,250,1218.50267745098
0.5,1.05,30,250,1156.28209333333
0.5,1.05,40,250,1081.83456923077
0.5,1.05,60,250,1004.04047241379
0.5,1.05,100,250,991.04965
0.5,1.05,0,300,1252.05597272727
0.5,1.05,10,300,1239.77011
0.5,1.05,15,300,1218.68595178571
0.5,1.05,20,300,1198.6157456621
0.5,1.05,30,300,1144.53169245283
0.5,1.05,40,300,1091.00836
0.5,1.05,60,300,1017.39913978495
0.5,1.05,100,300,993.515391803279
0.5,1.05,0,400,1212.69268958333
0.5,1.05,10,400,1193.70554777778
0.5,1.05,15,400,1183.33315673759
0.5,1.05,20,400,1169.44531809524
0.5,1.05,30,400,1136.63743157895
0.5,1.05,40,400,1105.22694313725
0.5,1.05,60,400,1052.36105679012
0.5,1.05,100,400,1003.32454320988
0.5,1.05,0,500,1165.53201814346
0.5,1.05,10,500,1154.43195113636
0.5,1.05,15,500,1148.31953963964
0.5,1.05,20,500,1140.93554513889
0.5,1.05,30,500,1124.84334680851
0.5,1.05,40,500,1102.19316553672
0.5,1.05,60,500,1064.69230425532
0.5,1.05,100,500,1014.59775591398
0.5,1.0,0,70,1626.20331666667
0.5,1.0,10,70,1500.81068924731
0.5,1.0,15,70,1372.03331515152
0.5,1.0,20,70,1234.96666666667
0.5,1.0,30,70,1015.66666666667
0.5,1.0,40,70,986.246566666667
0.5,1.0,60,70,983.5113
0.5,1.0,100,70,983.4792
0.5,1.0,0,80,1597.83420098039
0.5,1.0,10,80,1484.02822592593
0.5,1.0,15,80,1367.40966666667
0.5,1.0,20,80,1254.1477
0.5,1.0,30,80,1020.3597
0.5,1.0,40,80,988.089033333334
0.5,1.0,60,80,984.8894
0.5,1.0,100,80,983.538733333334
0.5,1.0,0,100,1563.03333333333
0.5,1.0,10,100,1439.6
0.5,1.0,15,100,1363.7306
0.5,1.0,20,100,1256.96666666667
0.5,1.0,30,100,1068.6
0.5,1.0,40,100,994.200766666667
0.5,1.0,60,100,985.165833333333
0.5,1.0,100,100,983.811533333333
0.5,1.0,0,150,1472.74256666667
0.5,1.0,10,150,1363.89213333333
0.5,1.0,15,150,1316.12670776399
0.5,1.0,20,150,1232.22623333333
0.5,1.0,30,150,1120.19966666667
0.5,1.0,40,150,1026.3603
0.5,1.0,60,150,989.327966666666
0.5,1.0,100,150,987.467733333333
0.5,1.0,0,200,1390.3868
0.5,1.0,10,200,1322.445
0.5,1.0,15,200,1288.8783300198
0.5,1.0,20,200,1231.13533333333
0.5,1.0,30,200,1146.4007
0.5,1.0,40,200,1064.11043333333
0.5,1.0,60,200,999.845766666667
0.5,1.0,100,200,993.696033333333
0.5,1.0,0,250,1337.91763333333
0.5,1.0,10,250,1284.80156666667
0.5,1.0,15,250,1262.68936666667
0.5,1.0,20,250,1228.30016666667
0.5,1.0,30,250,1167.16836666667
0.5,1.0,40,250,1097.89296666667
0.5,1.0,60,250,1021.26023333333
0.5,1.0,100,250,999.289433333333
0.5,1.0,0,300,1297.7235
0.5,1.0,10,300,1258.53156666667
0.5,1.0,15,300,1241.32496666667
0.5,1.0,20,300,1217.9098
0.5,1.0,30,300,1168.22726666667
0.5,1.0,40,300,1120.4004
0.5,1.0,60,300,1044.81636666667
0.5,1.0,100,300,1002.6201
0.5,1.0,0,400,1238.95713333333
0.5,1.0,10,400,1224.6416
0.5,1.0,15,400,1212.63733333333
0.5,1.0,20,400,1201.44716666667
0.5,1.0,30,400,1171.42276666667
0.5,1.0,40,400,1139.42613333333
0.5,1.0,60,400,1081.15723333333
0.5,1.0,100,400,1011.61633333333
0.5,1.0,0,500,1190.01126666667
0.5,1.0,10,500,1186.50293333333
0.5,1.0,15,500,1183.47873333333
0.5,1.0,20,500,1176.0255
0.5,1.0,30,500,1159.9331
0.5,1.0,40,500,1139.5797
0.5,1.0,60,500,1099.0465
0.5,1.0,100,500,1029.1013
1.12,0.8,0,70,1647.8046212963
1.12,0.8,10,70,1461.91650833333
1.12,0.8,15,70,1326.53979871795
1.12,0.8,20,70,1197.55189562203
1.12,0.8,30,70,1019.43706666667
1.12,0.8,40,70,979.325332716049
1.12,0.8,60,70,975.959436923077
1.12,0.8,100,70,974.987928888889
1.12,0.8,0,80,1614.41656148148
1.12,0.8,10,80,1435.11527722222
1.12,0.8,15,80,1336.39244081633
1.12,0.8,20,80,1205.9735708228
1.12,0.8,30,80,1038.18512222222
1.12,0.8,40,80,981.595354166666
1.12,0.8,60,80,976.924766666667
1.12,0.8,100,80,976.000703703704
1.12,0.8,0,100,1552.206552
1.12,0.8,10,100,1422.03863333333
1.12,0.8,15,100,1325.14488444444
1.12,0.8,20,100,1215.6714
1.12,0.8,30,100,1064.96513333333
1.12,0.8,40,100,986.895372727273
1.12,0.8,60,100,981.371405185185
1.12,0.8,100,100,979.059705633803
1.12,0.8,0,150,1416.31048469945
1.12,0.8,10,150,1342.55250437158
1.12,0.8,15,150,1293.90968907104
1.12,0.8,20,150,1221.39635923077
1.12,0.8,30,150,1091.78902642643
1.12,0.8,40,150,1012.38981794872
1.12,0.8,60,150,979.565952777778
1.12,0.8,100,150,984.921471089929
1.12,0.8,0,200,1334.63227719298
1.12,0.8,10,200,1287.14784133333
1.12,0.8,15,200,1258.34734972678
1.12,0.8,20,200,1210.16512432432
1.12,0.8,30,200,1103.94892113821
1.12,0.8,40,200,1052.04623046835
1.12,0.8,60,200,994.800551715261
1.12,0.8,100,200,984.987826012325
1.12,0.8,0,250,1276.39119953704
1.12,0.8,10,250,1247.78882888889
1.12,0.8,15,250,1220.55474444444
1.12,0.8,20,250,1193.10309285714
1.12,0.8,30,250,1114.49924
1.12,0.8,40,250,1065.64987521071
1.12,0.8,60,250,1008.04350510967
1.12,0.8,100,250,975.877345833333
1.12,0.8,0,300,1230.96577272727
1.12,0.8,10,300,1209.96092046784
1.12,0.8,15,300,1195.60887704918
1.12,0.8,20,300,1178.74011078431
1.12,0.8,30,300,1131.79604197531
1.12,0.8,40,300,1085.60223907104
1.12,0.8,60,300,1023.90021388889
1.12,0.8,100,300,994.529968333333
1.12,0.8,0,400,1172.83544098361
1.12,0.8,10,400,1162.6170552381
1.12,0.8,15,400,1151.20023129252
1.12,0.8,20,400,1140.86856900585
1.12,0.8,30,400,1115.45088888889
1.12,0.8,40,400,1088.7434673913
1.12,0.8,60,400,1053.73453589744
1.12,0.8,100,400,1005.01412280702
1.12,0.8,0,500,1166.08006295587
1.12,0.8,10,500,1156.84348109635
1.12,0.8,15,500,1150.10171131512
1.12,0.8,20,500,1144.81733517836
1.12,0.8,30,500,1127.59469671061
1.12,0.8,40,500,1110.82016638407
1.12,0.8,60,500,1068.59733073593
1.12,0.8,100,500,1017.83367311828
1.12,0.91,0,70,1635.42418395062
1.12,0.91,10,70,1521.73022291667
1.12,0.91,15,70,1364.58782307692
1.12,0.91,20,70,1255.01309195402
1.12,0.91,30,70,1048.06946060606
1.12,0.91,40,70,991.835522222222
1.12,0.91,60,70,986.174239393939
1.12,0.91,100,70,984.832388461539
1.12,0.91,0,80,1629.19730740741
1.12,0.91,10,80,1513.7548254386
1.12,0.91,15,80,1359.76501700512
1.12,0.91,20,80,1262.77167555556
1.12,0.91,30,80,1059.00962370969
1.12,0.91,40,80,992.465371428571
1.12,0.91,60,80,988.61127037037
1.12,0.91,100,80,987.14356
1.12,0.91,0,100,1572.53316666667
1.12,0.91,10,100,1460.55480940171
1.12,0.91,15,100,1339.3642372549
1.12,0.91,20,100,1261.14168974359
1.12,0.91,30,100,1078.04814561404
1.12,0.91,40,100,1003.11242575758
1.12,0.91,60,100,993.625033333333
1.12,0.91,100,100,993.314616666667
1.12,0.91,0,150,1463.58631944444
1.12,0.91,10,150,1376.71496944444
1.12,0.91,15,150,1328.99950857143
1.12,0.91,20,150,1260.46156111111
1.12,0.91,30,150,1133.8133
1.12,0.91,40,150,1040.4022375
1.12,0.91,60,150,997.614340740741
1.12,0.91,100,150,997.355416216217
1.12,0.91,0,200,1379.18869722222
1.12,0.91,10,200,1331.79018333333
1.12,0.91,15,200,1292.77275679012
1.12,0.91,20,200,1251.83443333333
1.12,0.91,30,200,1159.7297452381
1.12,0.91,40,200,1078.33365733333
1.12,0.91,60,200,1008.63268870968
1.12,0.91,100,200,1004.84774814815
1.12,0.91,0,250,1323.55447816092
1.12,0.91,10,250,1289.73604199134
1.12,0.91,15,250,1266.98515172414
1.12,0.91,20,250,1232.61456444444
1.12,0.91,30,250,1165.45337435897
1.12,0.91,40,250,1098.80570467836
1.12,0.91,60,250,1021.47958148148
1.12,0.91,100,250,1009.16675833333
1.12,0.91,0,300,1278.87575138889
1.12,0.91,10,300,1256.43885714286
1.12,0.91,15,300,1233.07771212121
1.12,0.91,20,300,1211.58684333333
1.12,0.91,30,300,1163.33066666667
1.12,0.91,40,300,1113.11751944444
1.12,0.91,60,300,1041.55374117647
1.12,0.91,100,300,1014.17073611111
1.12,0.91,0,400,1214.19651666667
1.12,0.91,10,400,1198.92639003831
1.12,0.91,15,400,1187.10113111111
1.12,0.91,20,400,1174.49310444444
1.12,0.91,30,400,1144.81062933333
1.12,0.91,40,400,1115.59909166667
1.12,0.91,60,400,1062.77705384615
1.12,0.91,100,400,1020.48009487179
1.12,0.91,0,500,1171.99338292683
1.12,0.91,10,500,1161.35290686275
1.12,0.91,15,500,1153.04267777778
1.12,0.91,20,500,1145.92977278912
1.12,0.91,30,500,1129.39823272727
1.12,0.91,40,500,1107.57885306122
1.12,0.91,60,500,1072.60773333333
1.12,0.91,100,500,1033.77928333333
1.12,1.1,0,70,1582.14748271605
1.12,1.1,10,70,1467.58055333333
1.12,1.1,15,70,1348.89656210054
1.12,1.1,20,70,1253.92147108993
1.12,1.1,30,70,993.084065277778
1.12,1.1,40,70,939.016934640523
1.12,1.1,60,70,934.549551111111
1.12,1.1,100,70,933.055217948718
1.12,1.1,0,80,1560.57005555556
1.12,1.1,10,80,1448.10171131512
1.12,1.1,15,80,1345.81733517836
1.12,1.1,20,80,1244.45274509804
1.12,1.1,30,80,1017.41994705882
1.12,1.1,40,80,943.059083006536
1.12,1.1,60,80,936.053935897436
1.12,1.1,100,80,935.260621505376
1.12,1.1,0,100,1509.09284583333
1.12,1.1,10,100,1433.05717333333
1.12,1.1,15,100,1344.43827916667
1.12,1.1,20,100,1250.44115238095
1.12,1.1,30,100,1051.12145364583
1.12,1.1,40,100,955.114072580645
1.12,1.1,60,100,938.504876190476
1.12,1.1,100,100,937.330792810458
1.12,1.1,0,150,1408.3159625
1.12,1.1,10,150,1356.68402222222
1.12,1.1,15,150,1306.46576666667
1.12,1.1,20,150,1241.05939047619
1.12,1.1,30,150,1115.59158181818
1.12,1.1,40,150,997.805505357143
1.12,1.1,60,150,944.427415384615
1.12,1.1,100,150,942.490725203252
1.12,1.1,0,200,1325.53786036036
1.12,1.1,10,200,1291.75526666667
1.12,1.1,15,200,1259.77914666667
1.12,1.1,20,200,1215.22353641212
1.12,1.1,30,200,1127.2563800359
1.12,1.1,40,200,1045.02285555556
1.12,1.1,60,200,950.954873118279
1.12,1.1,100,200,941.745243274854
1.12,1.1,0,250,1261.46910666667
1.12,1.1,10,250,1242.6238
1.12,1.1,15,250,1220.00752083333
1.12,1.1,20,250,1188.42977142857
1.12,1.1,30,250,1119.05141388889
1.12,1.1,40,250,1063.311775
1.12,1.1,60,250,969.735061728395
1.12,1.1,100,250,946.826361568627
1.12,1.1,0,300,1220.92896190476
1.12,1.1,10,300,1203.41297777778
1.12,1.1,15,300,1183.93288571429
1.12,1.1,20,300,1160.14371111111
1.12,1.1,30,300,1121.77394814815
1.12,1.1,40,300,1079.19289593496
1.12,1.1,60,300,995.512955555555
1.12,1.1,100,300,953.653812935324
1.12,1.1,0,400,1160.21343333333
1.12,1.1,10,400,1146.13251111111
1.12,1.1,15,400,1134.83413333333
1.12,1.1,20,400,1124.9789984127
1.12,1.1,30,400,1096.65895
1.12,1.1,40,400,1069.91898888889
1.12,1.1,60,400,1031.09006845878
1.12,1.1,100,400,964.242903030303
1.12,1.1,0,500,1113.25117037037
1.12,1.1,10,500,1107.19735238095
1.12,1.1,15,500,1101.26687777778
1.12,1.1,20,500,1095.67338333333
1.12,1.1,30,500,1079.56069444444
1.12,1.1,40,500,1061.06821666667
1.12,1.1,60,500,1033.4503
1.12,1.1,100,500,982.496766666666
1.12,1.2,0,70,1513.65226666667
1.12,1.2,10,70,1398.26381594203
1.12,1.2,15,70,1290.80350740741
1.12,1.2,20,70,1187.50163333333
1.12,1.2,30,70,965.960835740161
1.12,1.2,40,70,894.231721457347
1.12,1.2,60,70,893.82044
1.12,1.2,100,70,887.5031
1.12,1.2,0,80,1483.88991666667
1.12,1.2,10,80,1334.08399259259
1.12,1.2,15,80,1250.22342344788
1.12,1.2,20,80,1161.06202938568
1.12,1.2,30,80,963.2792
1.12,1.2,40,80,896.276306666667
1.12,1.2,60,80,899.145080717606
1.12,1.2,100,80,888.305883333333
1.12,1.2,0,100,1414.12833636364
1.12,1.2,10,100,1311.09524666667
1.12,1.2,15,100,1234.43456060606
1.12,1.2,20,100,1153.53166666667
1.12,1.2,30,100,1002.95910833333
1.12,1.2,40,100,907.254145843792
1.12,1.2,60,100,898.2951
1.12,1.2,100,100,892.718038888889
1.12,1.2,0,150,1316.02118333333
1.12,1.2,10,150,1237.19676296296
1.12,1.2,15,150,1186.49148571429
1.12,1.2,20,150,1131.10702098765
1.12,1.2,30,150,1022.28150023736
1.12,1.2,40,150,937.007093333333
1.12,1.2,60,150,896.107361832841
1.12,1.2,100,150,894.313071428571
1.12,1.2,0,200,1239.48481666667
1.12,1.2,10,200,1194.24838571429
1.12,1.2,15,200,1160.61374074074
1.12,1.2,20,200,1122.0194969697
1.12,1.2,30,200,1047.14861904762
1.12,1.2,40,200,976.246666666667
1.12,1.2,60,200,918.661647619048
1.12,1.2,100,200,902.7255
1.12,1.2,0,250,1183.4342
1.12,1.2,10,250,1150.24162380952
1.12,1.2,15,250,1124.06898333333
1.12,1.2,20,250,1096.42367037037
1.12,1.2,30,250,1038.68856666667
1.12,1.2,40,250,984.693125686902
1.12,1.2,60,250,926.114945469861
1.12,1.2,100,250,909.693125686902
1.12,1.2,0,300,1143.66243333333
1.12,1.2,10,300,1123.82666666667
1.12,1.2,15,300,1106.9176125
1.12,1.2,20,300,1088.52943333333
1.12,1.2,30,300,1048.36136111111
1.12,1.2,40,300,1006.73182222222
1.12,1.2,60,300,951.755555555556
1.12,1.2,100,300,916.406061111111
1.12,1.2,0,400,1084.49108333333
1.12,1.2,10,400,1072.63905925926
1.12,1.2,15,400,1059.9489625
1.12,1.2,20,400,1052.50906666667
1.12,1.2,30,400,1024.94019090909
1.12,1.2,40,400,1001.0228962963
1.12,1.2,60,400,953.661444444444
1.12,1.2,100,400,915.390673333333
1.12,1.2,0,500,1050.96415
1.12,1.2,10,500,1041.99376666667
1.12,1.2,15,500,1034.65395555556
1.12,1.2,20,500,1029.16648333333
1.12,1.2,30,500,1015.47851666667
1.12,1.2,40,500,999.431622222222
1.12,1.2,60,500,972.739508333333
1.12,1.2,100,500,927.81605
1.12,1.05,0,70,1618.46314583333
1.12,1.05,10,70,1498.24321052632
1.12,1.05,15,70,1374.56346410256
1.12,1.05,20,70,1260.4686047619
1.12,1.05,30,70,1036.00928333333
1.12,1.05,40,70,976.712738888889
1.12,1.05,60,70,973.547634920635
1.12,1.05,100,70,973.021911111111
1.12,1.05,0,80,1599.58284666667
1.12,1.05,10,80,1477.34699019608
1.12,1.05,15,80,1374.08014583333
1.12,1.05,20,80,1261.30916481481
1.12,1.05,30,80,1043.97449347826
1.12,1.05,40,80,978.873167543859
1.12,1.05,60,80,973.658745333333
1.12,1.05,100,80,972.59236
1.12,1.05,0,100,1550.46138113207
1.12,1.05,10,100,1462.081794
1.12,1.05,15,100,1367.714475
1.12,1.05,20,100,1261.64604102564
1.12,1.05,30,100,1072.29548571429
1.12,1.05,40,100,984.451721666667
1.12,1.05,60,100,974.068870833334
1.12,1.05,100,100,974.009883333333
1.12,1.05,0,150,1445.20750757576
1.12,1.05,10,150,1387.17403333333
1.12,1.05,15,150,1325.76792916667
1.12,1.05,20,150,1263.79821360544
1.12,1.05,30,150,1130.77598190476
1.12,1.05,40,150,1019.90572395833
1.12,1.05,60,150,978.462942857143
1.12,1.05,100,150,978.932253333334
1.12,1.05,0,200,1362.17460833333
1.12,1.05,10,200,1330.56918333333
1.12,1.05,15,200,1294.97498888889
1.12,1.05,20,200,1253.48660083333
1.12,1.05,30,200,1158.84521666667
1.12,1.05,40,200,1064.28334045802
1.12,1.05,60,200,984.518012698412
1.12,1.05,100,200,981.230176923077
1.12,1.05,0,250,1301.28717179487
1.12,1.05,10,250,1275.14451666667
1.12,1.05,15,250,1251.77047906977
1.12,1.05,20,250,1223.03114184397
1.12,1.05,30,250,1153.99484761905
1.12,1.05,40,250,1087.45969259259
1.12,1.05,60,250,1001.09099677419
1.12,1.05,100,250,986.28295
1.12,1.05,0,300,1252.51175666667
1.12,1.05,10,300,1234.79477708333
1.12,1.05,15,300,1217.57871481481
1.12,1.05,20,300,1195.15671466667
1.12,1.05,30,300,1144.93441176471
1.12,1.05,40,300,1093.99738181818
1.12,1.05,60,300,1014.08963431373
1.12,1.05,100,300,988.954391666667
1.12,1.05,0,400,1208.63120666667
1.12,1.05,10,400,1187.90315862069
1.12,1.05,15,400,1176.25084716981
1.12,1.05,20,400,1160.7790981982
1.12,1.05,30,400,1130.62736078431
1.12,1.05,40,400,1100.22010617284
1.12,1.05,60,400,1044.18932040816
1.12,1.05,100,400,997.279618918918
1.12,1.05,0,500,1159.9115957265
1.12,1.05,10,500,1149.33474444444
1.12,1.05,15,500,1142.8693
1.12,1.05,20,500,1134.08991111111
1.12,1.05,30,500,1114.13977407407
1.12,1.05,40,500,1095.78095066667
1.12,1.05,60,500,1058.17838205128
1.12,1.05,100,500,1008.65090416667
1.12,1.0,0,70,1630.03433333333
1.12,1.0,10,70,1473.62816666667
1.12,1.0,15,70,1390.4592
1.12,1.0,20,70,1276.84566666667
1.12,1.0,30,70,1032.26243333333
1.12,1.0,40,70,1000.41986666667
1.12,1.0,60,70,997.54
1.12,1.0,100,70,996.4654
1.12,1.0,0,80,1610.10730798709
1.12,1.0,10,80,1464.82833333333
1.12,1.0,15,80,1385.1635
1.12,1.0,20,80,1263.9752
1.12,1.0,30,80,1044.01573333333
1.12,1.0,40,80,1002.7335
1.12,1.0,60,80,999.0258
1.12,1.0,100,80,996.6027
1.12,1.0,0,100,1579.6098661157
1.12,1.0,10,100,1427.42810661157
1.12,1.0,15,100,1354.38124931129
1.12,1.0,20,100,1259.07426446281
1.12,1.0,30,100,1076.84083195592
1.12,1.0,40,100,1004.83564848485
1.12,1.0,60,100,995.122003703704
1.12,1.0,100,100,993.181561581921
1.12,1.0,0,150,1480.37660464135
1.12,1.0,10,150,1374.77404049587
1.12,1.0,15,150,1323.33199747899
1.12,1.0,20,150,1259.72273492063
1.12,1.0,30,150,1145.10350441767
1.12,1.0,40,150,1035.90203333333
1.12,1.0,60,150,1000.39346666667
1.12,1.0,100,150,997.556666666667
1.12,1.0,0,200,1401.98264820937
1.12,1.0,10,200,1336.02192485549
1.12,1.0,15,200,1296.09838412698
1.12,1.0,20,200,1246.84883911846
1.12,1.0,30,200,1161.36085895317
1.12,1.0,40,200,1079.62222286501
1.12,1.0,60,200,1010.20361538462
1.12,1.0,100,200,1002.53256666667
1.12,1.0,0,250,1341.79598484848
1.12,1.0,10,250,1298.9982476584
1.12,1.0,15,250,1268.38185454545
1.12,1.0,20,250,1237.1765292011
1.12,1.0,30,250,1179.3035020202
1.12,1.0,40,250,1113.094533
1.12,1.0,60,250,1028.77595271318
1.12,1.0,100,250,1007.67347647059
1.12,1.0,0,300,1308.01926758223
1.12,1.0,10,300,1268.34496115702
1.12,1.0,15,300,1252.18567906336
1.12,1.0,20,300,1235.40865339506
1.12,1.0,30,300,1189.39290495868
1.12,1.0,40,300,1135.28253719008
1.12,1.0,60,300,1056.29595
1.12,1.0,100,300,1014.04585673759
1.12,1.0,0,400,1253.46833577236
1.12,1.0,10,400,1234.22150056497
1.12,1.0,15,400,1228.46353064516
1.12,1.0,20,400,1216.60010569106
1.12,1.0,30,400,1186.55203126844
1.12,1.0,40,400,1154.37989099099
1.12,1.0,60,400,1096.39413333333
1.12,1.0,100,400,1022.30553333333
1.12,1.0,0,500,1210.57333333333
1.12,1.0,10,500,1200.651390625
1.12,1.0,15,500,1197.21709951011
1.12,1.0,20,500,1188.78644766894
1.12,1.0,30,500,1172.18100625
1.12,1.0,40,500,1153.96886666667
1.12,1.0,60,500,1110.35113333333
1.12,1.0,100,500,1038.5194
2.0,0.8,0,70,1642.48080769231
2.0,0.8,10,70,1460.473385
2.0,0.8,15,70,1322.59718333333
2.0,0.8,20,70,1207.89473018868
2.0,0.8,30,70,1020.64748383838
2.0,0.8,40,70,978.905916161616
2.0,0.8,60,70,975.639668627451
2.0,0.8,100,70,975.808255555555
2.0,0.8,0,80,1551.47336166667
2.0,0.8,10,80,1421.07564754098
2.0,0.8,15,80,1318.26193100775
2.0,0.8,20,80,1225.35921238095
2.0,0.8,30,80,1067.47896666667
2.0,0.8,40,80,990.984927083333
2.0,0.8,60,80,979.694697701149
2.0,0.8,100,80,979.626961904762
2.0,0.8,0,100,1421.62857575758
2.0,0.8,10,100,1343.22286875
2.0,0.8,15,100,1292.25181666667
2.0,0.8,20,100,1219.82673333333
2.0,0.8,30,100,1101.89105625
2.0,0.8,40,100,1021.06658958333
2.0,0.8,60,100,986.482457407407
2.0,0.8,100,100,985.542798245614
2.0,0.8,0,150,1334.55189562203
2.0,0.8,10,150,1287.07040833333
2.0,0.8,15,150,1248.38029444444
2.0,0.8,20,150,1204.40121506849
2.0,0.8,30,150,1116.36935333333
2.0,0.8,40,150,1051.87612857143
2.0,0.8,60,150,993.007304166667
2.0,0.8,100,150,989.506911111111
2.0,0.8,0,200,1230.42398095238
2.0,0.8,10,200,1206.76972678571
2.0,0.8,15,200,1193.16411052632
2.0,0.8,20,200,1175.14855777778
2.0,0.8,30,200,1127.82580222222
2.0,0.8,40,200,1082.31415462963
2.0,0.8,60,200,1018.59552692308
2.0,0.8,100,200,997.843496666667
2.0,0.8,0,250,1161.2563800359
2.0,0.8,10,250,1152.14529145152
2.0,0.8,15,250,1148.32940117147
2.0,0.8,20,250,1141.11494546986
2.0,0.8,30,250,1121.865740148
2.0,0.8,40,250,1104.52765653002
2.0,0.8,60,250,1078.40651988523
2.0,0.8,100,250,1044.14508071761
2.0,0.8,0,300,NaN
2.0,0.8,10,300,NaN
2.0,0.8,15,300,NaN
2.0,0.8,20,300,NaN
2.0,0.8,30,300,NaN
2.0,0.8,40,300,NaN
2.0,0.8,60,300,NaN
2.0,0.8,100,300,NaN
2.0,0.8,0,400,NaN
2.0,0.8,10,400,NaN
2.0,0.8,15,400,NaN
2.0,0.8,20,400,NaN
2.0,0.8,30,400,NaN
2.0,0.8,40,400,NaN
2.0,0.8,60,400,NaN
2.0,0.8,100,400,NaN
2.0,0.8,0,500,NaN
2.0,0.8,10,500,NaN
2.0,0.8,15,500,NaN
2.0,0.8,20,500,NaN
2.0,0.8,30,500,NaN
2.0,0.8,40,500,NaN
2.0,0.8,60,500,NaN
2.0,0.8,100,500,NaN
2.0,0.91,0,70,1640.12487368421
2.0,0.91,10,70,1525.89301282051
2.0,0.91,15,70,1391.10736183284
2.0,0.91,20,70,1255.12685365854
2.0,0.91,30,70,1051.26182666667
2.0,0.91,40,70,988.552471428572
2.0,0.91,60,70,985.806446666666
2.0,0.91,100,70,983.7437
2.0,0.91,0,80,1571.80835882353
2.0,0.91,10,80,1457.70377962963
2.0,0.91,15,80,1341.6160025641
2.0,0.91,20,80,1260.14711666667
2.0,0.91,30,80,1077.24731333333
2.0,0.91,40,80,1003.21931302083
2.0,0.91,60,80,990.0565
2.0,0.91,100,80,990.7028
2.0,0.91,0,100,1461.12947777778
2.0,0.91,10,100,1399.80752222222
2.0,0.91,15,100,1338.21624
2.0,0.91,20,100,1279.36365777778
2.0,0.91,30,100,1139.02118833333
2.0,0.91,40,100,1038.58614333333
2.0,0.91,60,100,998.458985416667
2.0,0.91,100,100,998.329561111111
2.0,0.91,0,150,1379.77366969697
2.0,0.91,10,150,1337.48696666667
2.0,0.91,15,150,1314.43846166667
2.0,0.91,20,150,1268.67542857143
2.0,0.91,30,150,1165.10308
2.0,0.91,40,150,1080.41670666667
2.0,0.91,60,150,1006.49258240741
2.0,0.91,100,150,1002.49940454545
2.0,0.91,0,200,1278.7854462585
2.0,0.91,10,200,1258.47152857143
2.0,0.91,15,200,1244.22856527778
2.0,0.91,20,200,1223.92078
2.0,0.91,30,200,1174.74815555556
2.0,0.91,40,200,1114.5872
2.0,0.91,60,200,1041.44221041667
2.0,0.91,100,200,1014.316
2.0,0.91,0,250,1172.46430123457
2.0,0.91,10,250,1163.20389230769
2.0,0.91,15,250,1158.27900555556
2.0,0.91,20,250,1149.74741333333
2.0,0.91,30,250,1129.6447375
2.0,0.91,40,250,1108.12894938272
2.0,0.91,60,250,1072.14449444444
2.0,0.91,100,250,1029.96934074074
2.0,0.91,0,300,NaN
2.0,0.91,10,300,NaN
2.0,0.91,15,300,NaN
2.0,0.91,20,300,NaN
2.0,0.91,30,300,NaN
2.0,0.91,40,300,NaN
2.0,0.91,60,300,NaN
2.0,0.91,100,300,NaN
2.0,0.91,0,400,NaN
2.0,0.91,10,400,NaN
2.0,0.91,15,400,NaN
2.0,0.91,20,400,NaN
2.0,0.91,30,400,NaN
2.0,0.91,40,400,NaN
2.0,0.91,60,400,NaN
2.0,0.91,100,400,NaN
2.0,0.91,0,500,NaN
2.0,0.91,10,500,NaN
2.0,0.91,15,500,NaN
2.0,0.91,20,500,NaN
2.0,0.91,30,500,NaN
2.0,0.91,40,500,NaN
2.0,0.91,60,500,NaN
2.0,0.91,100,500,NaN
2.0,1.1,0,70,1584.23633921569
2.0,1.1,10,70,1470.15207083333
2.0,1.1,15,70,1346.51902666667
2.0,1.1,20,70,1251.05857916667
2.0,1.1,30,70,1006.28917916667
2.0,1.1,40,70,943.056825
2.0,1.1,60,70,938.5911
2.0,1.1,100,70,932.119975
2.0,1.1,0,80,1516.30200416667
2.0,1.1,10,80,1437.33862592593
2.0,1.1,15,80,1340.09734523476
2.0,1.1,20,80,1266.6212047619
2.0,1.1,30,80,1072.25422121212
2.0,1.1,40,80,961.255095238095
2.0,1.1,60,80,944.620993939394
2.0,1.1,100,80,941.487477777778
2.0,1.1,0,100,1409.77143636364
2.0,1.1,10,100,1357.66329583333
2.0,1.1,15,100,1301.412625
2.0,1.1,20,100,1237.35314814815
2.0,1.1,30,100,1112.8897
2.0,1.1,40,100,1002.75875277778
2.0,1.1,60,100,952.498163888889
2.0,1.1,100,100,947.280551724138
2.0,1.1,0,150,1327.31895151515
2.0,1.1,10,150,1291.55437916667
2.0,1.1,15,150,1255.93769583333
2.0,1.1,20,150,1214.38084814815
2.0,1.1,30,150,1121.22563611111
2.0,1.1,40,150,1032.70818
2.0,1.1,60,150,954.455825
2.0,1.1,100,150,949.591829166667
2.0,1.1,0,200,1222.26563888889
2.0,1.1,10,200,1202.45452333333
2.0,1.1,15,200,1185.13565555556
2.0,1.1,20,200,1166.99191904762
2.0,1.1,30,200,1117.66136060606
2.0,1.1,40,200,1067.5436
2.0,1.1,60,200,991.3482125
2.0,1.1,100,200,962.219266666667
2.0,1.1,0,250,1110.94835416667
2.0,1.1,10,250,1101.53376666667
2.0,1.1,15,250,1093.56300555556
2.0,1.1,20,250,1085.22901666667
2.0,1.1,30,250,1068.03789166667
2.0,1.1,40,250,1047.28702982456
2.0,1.1,60,250,1013.31434285714
2.0,1.1,100,250,974.8727625
2.0,1.1,0,300,NaN
2.0,1.1,10,300,NaN
2.0,1.1,15,300,NaN
2.0,1.1,20,300,NaN
2.0,1.1,30,300,NaN
2.0,1.1,40,300,NaN
2.0,1.1,60,300,NaN
2.0,1.1,100,300,NaN
2.0,1.1,0,400,NaN
2.0,1.1,10,400,NaN
2.0,1.1,15,400,NaN
2.0,1.1,20,400,NaN
2.0,1.1,30,400,NaN
2.0,1.1,40,400,NaN
2.0,1.1,60,400,NaN
2.0,1.1,100,400,NaN
2.0,1.1,0,500,NaN
2.0,1.1,10,500,NaN
2.0,1.1,15,500,NaN
2.0,1.1,20,500,NaN
2.0,1.1,30,500,NaN
2.0,1.1,40,500,NaN
2.0,1.1,60,500,NaN
2.0,1.1,100,500,NaN
2.0,1.2,0,70,1496.34136666667
2.0,1.2,10,70,1371.22066666667
2.0,1.2,15,70,1281.94966666667
2.0,1.2,20,70,1155.95664791667
2.0,1.2,30,70,957.099787301588
2.0,1.2,40,70,891.904725490196
2.0,1.2,60,70,884.740204545454
2.0,1.2,100,70,880.272416666667
2.0,1.2,0,80,1400.0890739597
2.0,1.2,10,80,1304.86032156863
2.0,1.2,15,80,1234.63691333333
2.0,1.2,20,80,1145.02824987978
2.0,1.2,30,80,986.262091111111
2.0,1.2,40,80,905.533140740741
2.0,1.2,60,80,890.386456140351
2.0,1.2,100,80,886.370817708334
2.0,1.2,0,100,1330.87511111111
2.0,1.2,10,100,1250.53435416667
2.0,1.2,15,100,1189.4981
2.0,1.2,20,100,1121.24285294118
2.0,1.2,30,100,1012.25950757362
2.0,1.2,40,100,929.333768888889
2.0,1.2,60,100,890.931396296296
2.0,1.2,100,100,888.630122222222
2.0,1.2,0,150,1246.06710740741
2.0,1.2,10,150,1177.83811666667
2.0,1.2,15,150,1141.3999
2.0,1.2,20,150,1100.51182777778
2.0,1.2,30,150,1031.47069791667
2.0,1.2,40,150,961.4428
2.0,1.2,60,150,901.606862222222
2.0,1.2,100,150,893.969496969697
2.0,1.2,0,200,1123.33792857143
2.0,1.2,10,200,1099.86563111111
2.0,1.2,15,200,1081.53925
2.0,1.2,20,200,1062.8042625
2.0,1.2,30,200,1021.3597
2.0,1.2,40,200,978.836833333333
2.0,1.2,60,200,923.0822
2.0,1.2,100,200,901.455822222222
2.0,1.2,0,250,1009.62044848485
2.0,1.2,10,250,1002.36824166667
2.0,1.2,15,250,997.439793939394
2.0,1.2,20,250,994.280138095238
2.0,1.2,30,250,983.886047619048
2.0,1.2,40,250,972.154328571429
2.0,1.2,60,250,944.191354166667
2.0,1.2,100,250,909.526333333333
2.0,1.2,0,300,NaN
2.0,1.2,10,300,NaN
2.0,1.2,15,300,NaN
2.0,1.2,20,300,NaN
2.0,1.2,30,300,NaN
2.0,1.2,40,300,NaN
2.0,1.2,60,300,NaN
2.0,1.2,100,300,NaN
2.0,1.2,0,400,NaN
2.0,1.2,10,400,NaN
2.0,1.2,15,400,NaN
2.0,1.2,20,400,NaN
2.0,1.2,30,400,NaN
2.0,1.2,40,400,NaN
2.0,1.2,60,400,NaN
2.0,1.2,100,400,NaN
2.0,1.2,0,500,NaN
2.0,1.2,10,500,NaN
2.0,1.2,15,500,NaN
2.0,1.2,20,500,NaN
2.0,1.2,30,500,NaN
2.0,1.2,40,500,NaN
2.0,1.2,60,500,NaN
2.0,1.2,100,500,NaN
2.0,1.05,0,70,1629.97048030303
2.0,1.05,10,70,1488.17753793901
2.0,1.05,15,70,1376.80514242424
2.0,1.05,20,70,1255.73811666667
2.0,1.05,30,70,1029.05385555556
2.0,1.05,40,70,971.03845
2.0,1.05,60,70,968.65389
2.0,1.05,100,70,968.056327083334
2.0,1.05,0,80,1554.00561538462
2.0,1.05,10,80,1460.00318333333
2.0,1.05,15,80,1362.51929047619
2.0,1.05,20,80,1278.5588
2.0,1.05,30,80,1077.32123809524
2.0,1.05,40,80,983.762985185185
2.0,1.05,60,80,970.094352380952
2.0,1.05,100,80,969.54082972973
2.0,1.05,0,100,1446.47977222222
2.0,1.05,10,100,1387.66342857143
2.0,1.05,15,100,1325.86923
2.0,1.05,20,100,1263.91002
2.0,1.05,30,100,1132.845975
2.0,1.05,40,100,1021.36928461538
2.0,1.05,60,100,974.193207843137
2.0,1.05,100,100,973.581003333333
2.0,1.05,0,150,1364.61174761905
2.0,1.05,10,150,1327.07155
2.0,1.05,15,150,1285.03271333333
2.0,1.05,20,150,1248.15799
2.0,1.05,30,150,1145.33799166667
2.0,1.05,40,150,1061.75736666667
2.0,1.05,60,150,984.974537037037
2.0,1.05,100,150,980.858438888889
2.0,1.05,0,200,1249.70726507937
2.0,1.05,10,200,1231.480525
2.0,1.05,15,200,1212.66995
2.0,1.05,20,200,1189.55250833333
2.0,1.05,30,200,1142.96264444444
2.0,1.05,40,200,1088.45058333333
2.0,1.05,60,200,1009.96928947368
2.0,1.05,100,200,987.884022222222
2.0,1.05,0,250,1152.86821875
2.0,1.05,10,250,1136.65518461538
2.0,1.05,15,250,1130.31471515152
2.0,1.05,20,250,1121.326825
2.0,1.05,30,250,1098.72543333333
2.0,1.05,40,250,1079.85320185185
2.0,1.05,60,250,1039.38820833333
2.0,1.05,100,250,999.931122222222
2.0,1.05,0,300,NaN
2.0,1.05,10,300,NaN
2.0,1.05,15,300,NaN
2.0,1.05,20,300,NaN
2.0,1.05,30,300,NaN
2.0,1.05,40,300,NaN
2.0,1.05,60,300,NaN
2.0,1.05,100,300,NaN
2.0,1.05,0,400,NaN
2.0,1.05,10,400,NaN
2.0,1.05,15,400,NaN
2.0,1.05,20,400,NaN
2.0,1.05,30,400,NaN
2.0,1.05,40,400,NaN
2.0,1.05,60,400,NaN
2.0,1.05,100,400,NaN
2.0,1.05,0,500,NaN
2.0,1.05,10,500,NaN
2.0,1.05,15,500,NaN
2.0,1.05,20,500,NaN
2.0,1.05,30,500,NaN
2.0,1.05,40,500,NaN
2.0,1.05,60,500,NaN
2.0,1.05,100,500,NaN
2.0,1.0,0,70,1619.94543083846
2.0,1.0,10,70,1477.99974091273
2.0,1.0,15,70,1385.08596034858
2.0,1.0,20,70,1262.02651223242
2.0,1.0,30,70,1030.68176196581
2.0,1.0,40,70,999.766133333333
2.0,1.0,60,70,997.225566666667
2.0,1.0,100,70,996.218333333333
2.0,1.0,0,80,1612.28959910264
2.0,1.0,10,80,1446.73256379691
2.0,1.0,15,80,1381.13176509434
2.0,1.0,20,80,1269.28044909561
2.0,1.0,30,80,1052.30800881226
2.0,1.0,40,80,1001.6212
2.0,1.0,60,80,998.240666666667
2.0,1.0,100,80,995.97195
2.0,1.0,0,100,1577.82234311594
2.0,1.0,10,100,1427.44871046832
2.0,1.0,15,100,1352.80871707989
2.0,1.0,20,100,1263.68072539683
2.0,1.0,30,100,1075.58857843137
2.0,1.0,40,100,1003.08889571429
2.0,1.0,60,100,992.110346153846
2.0,1.0,100,100,991.008173809524
2.0,1.0,0,150,1464.73226666667
2.0,1.0,10,150,1370.17741291667
2.0,1.0,15,150,1318.63742566667
2.0,1.0,20,150,1256.26991487603
2.0,1.0,30,150,1140.49165053763
2.0,1.0,40,150,1038.54636639118
2.0,1.0,60,150,1001.50760888889
2.0,1.0,100,150,998.9033
2.0,1.0,0,200,1395.35242644628
2.0,1.0,10,200,1327.7259122807
2.0,1.0,15,200,1291.24165702479
2.0,1.0,20,200,1250.69052768362
2.0,1.0,30,200,1169.18538849206
2.0,1.0,40,200,1082.119288
2.0,1.0,60,200,1011.19596486486
2.0,1.0,100,200,1002.68009019608
2.0,1.0,0,250,1340.59246528926
2.0,1.0,10,250,1294.07066280992
2.0,1.0,15,250,1265.6181738292
2.0,1.0,20,250,1243.82728809524
2.0,1.0,30,250,1183.47044882155
2.0,1.0,40,250,1111.85863333333
2.0,1.0,60,250,1031.71266666667
2.0,1.0,100,250,1008.062975
2.0,1.0,0,300,1300.34395272109
2.0,1.0,10,300,1270.2846553719
2.0,1.0,15,300,1249.75586734864
2.0,1.0,20,300,1229.9873367284
2.0,1.0,30,300,1181.84711006944
2.0,1.0,40,300,1134.8283253012
2.0,1.0,60,300,1058.4439956229
2.0,1.0,100,300,1014.96069782609
2.0,1.0,0,400,1242.97863960114
2.0,1.0,10,400,1223.25420826446
2.0,1.0,15,400,1215.14595309839
2.0,1.0,20,400,1207.69144253968
2.0,1.0,30,400,1181.99489568966
2.0,1.0,40,400,1154.49890507936
2.0,1.0,60,400,1095.73924305556
2.0,1.0,100,400,1023.09447897436
2.0,1.0,0,500,1201.89993485525
2.0,1.0,10,500,1193.20424454829
2.0,1.0,15,500,1184.81145809517
2.0,1.0,20,500,1184.5500125448
2.0,1.0,30,500,1168.68333333333
2.0,1.0,40,500,1147.15
2.0,1.0,60,500,1105.79648333333
2.0,1.0,100,500,1036.97075324074
3.0,0.8,0,70,1642.38068288288
3.0,0.8,10,70,1461.648756
3.0,0.8,15,70,1335.50523478261
3.0,0.8,20,70,1200.09215270655
3.0,0.8,30,70,1016.30607380952
3.0,0.8,40,70,986.775998245614
3.0,0.8,60,70,984.132
3.0,0.8,100,70,983.132493333333
3.0,0.8,0,80,1556.4341575
3.0,0.8,10,80,1423.58591296296
3.0,0.8,15,80,1326.66976111111
3.0,0.8,20,80,1223.07523984674
3.0,0.8,30,80,1066.0192280303
3.0,0.8,40,80,997.023967965368
3.0,0.8,60,80,989.250058024691
3.0,0.8,100,80,987.264307971014
3.0,0.8,0,100,1423.84252
3.0,0.8,10,100,1348.40499166667
3.0,0.8,15,100,1295.18840909091
3.0,0.8,20,100,1225.88352490421
3.0,0.8,30,100,1099.41182166667
3.0,0.8,40,100,1020.33133010753
3.0,0.8,60,100,993.187480882353
3.0,0.8,100,100,990.831848989898
3.0,0.8,0,150,1339.54923913043
3.0,0.8,10,150,1287.89806666667
3.0,0.8,15,150,1252.03812619048
3.0,0.8,20,150,1207.90400833333
3.0,0.8,30,150,1124.38366190476
3.0,0.8,40,150,1051.6565255144
3.0,0.8,60,150,999.124670229007
3.0,0.8,100,150,997.26075
3.0,0.8,0,200,1235.11945873016
3.0,0.8,10,200,1216.65355555556
3.0,0.8,15,200,1198.80919122807
3.0,0.8,20,200,1177.81135714286
3.0,0.8,30,200,1140.16648631579
3.0,0.8,40,200,1094.89508717949
3.0,0.8,60,200,1030.2588141844
3.0,0.8,100,200,1002.08200718954
3.0,0.8,0,250,1170.25414584379
3.0,0.8,10,250,1159.75636623688
3.0,0.8,15,250,1156.23172145735
3.0,0.8,20,250,1149.00032637309
3.0,0.8,30,250,1129.88286606118
3.0,0.8,40,250,1116.88800729063
3.0,0.8,60,250,1085.9735708228
3.0,0.8,100,250,1058.98970353156
3.0,0.8,0,300,NaN
3.0,0.8,10,300,NaN
3.0,0.8,15,300,NaN
3.0,0.8,20,300,NaN
3.0,0.8,30,300,NaN
3.0,0.8,40,300,NaN
3.0,0.8,60,300,NaN
3.0,0.8,100,300,NaN
3.0,0.8,0,400,NaN
3.0,0.8,10,400,NaN
3.0,0.8,15,400,NaN
3.0,0.8,20,400,NaN
3.0,0.8,30,400,NaN
3.0,0.8,40,400,NaN
3.0,0.8,60,400,NaN
3.0,0.8,100,400,NaN
3.0,0.8,0,500,NaN
3.0,0.8,10,500,NaN
3.0,0.8,15,500,NaN
3.0,0.8,20,500,NaN
3.0,0.8,30,500,NaN
3.0,0.8,40,500,NaN
3.0,0.8,60,500,NaN
3.0,0.8,100,500,NaN
3.0,0.91,0,70,1643.02242777778
3.0,0.91,10,70,1529.97744234234
3.0,0.91,15,70,1411.78587166667
3.0,0.91,20,70,1262.78109803922
3.0,0.91,30,70,1066.67560933333
3.0,0.91,40,70,997.612831481482
3.0,0.91,60,70,993.278695698924
3.0,0.91,100,70,991.674501190477
3.0,0.91,0,80,1574.30078974359
3.0,0.91,10,80,1480.183652
3.0,0.91,15,80,1399.56715833333
3.0,0.91,20,80,1292.10041893004
3.0,0.91,30,80,1107.08104333333
3.0,0.91,40,80,1008.00486952381
3.0,0.91,60,80,997.480413333334
3.0,0.91,100,80,997.545840740741
3.0,0.91,0,100,1462.44720833333
3.0,0.91,10,100,1409.01743978495
3.0,0.91,15,100,1357.76809555556
3.0,0.91,20,100,1293.8099530303
3.0,0.91,30,100,1147.54170731707
3.0,0.91,40,100,1052.03575833333
3.0,0.91,60,100,1005.61546666667
3.0,0.91,100,100,1003.22834761905
3.0,0.91,0,150,1380.57467
3.0,0.91,10,150,1343.56296190476
3.0,0.91,15,150,1313.10221140351
3.0,0.91,20,150,1272.50809722222
3.0,0.91,30,150,1177.36696178862
3.0,0.91,40,150,1088.18043809524
3.0,0.91,60,150,1012.41234444444
3.0,0.91,100,150,1007.18641333333
3.0,0.91,0,200,1283.16547619048
3.0,0.91,10,200,1263.04345
3.0,0.91,15,200,1247.74496862745
3.0,0.91,20,200,1228.66340833333
3.0,0.91,30,200,1178.00891818182
3.0,0.91,40,200,1126.3275877193
3.0,0.91,60,200,1047.55062708333
3.0,0.91,100,200,1017.76617142857
3.0,0.91,0,250,1175.16853333333
3.0,0.91,10,250,1168.3113245614
3.0,0.91,15,250,1163.38616842105
3.0,0.91,20,250,1155.27890434783
3.0,0.91,30,250,1136.93816770833
3.0,0.91,40,250,1114.95034466667
3.0,0.91,60,250,1075.6972122807
3.0,0.91,100,250,1035.45692291667
3.0,0.91,0,300,NaN
3.0,0.91,10,300,NaN
3.0,0.91,15,300,NaN
3.0,0.91,20,300,NaN
3.0,0.91,30,300,NaN
3.0,0.91,40,300,NaN
3.0,0.91,60,300,NaN
3.0,0.91,100,300,NaN
3.0,0.91,0,400,NaN
3.0,0.91,10,400,NaN
3.0,0.91,15,400,NaN
3.0,0.91,20,400,NaN
3.0,0.91,30,400,NaN
3.0,0.91,40,400,NaN
3.0,0.91,60,400,NaN
3.0,0.91,100,400,NaN
3.0,0.91,0,500,NaN
3.0,0.91,10,500,NaN
3.0,0.91,15,500,NaN
3.0,0.91,20,500,NaN
3.0,0.91,30,500,NaN
3.0,0.91,40,500,NaN
3.0,0.91,60,500,NaN
3.0,0.91,100,500,NaN
3.0,1.1,0,70,1571.23952
3.0,1.1,10,70,1440.60876190476
3.0,1.1,15,70,1335.44374242424
3.0,1.1,20,70,1232.88157083333
3.0,1.1,30,70,981.884857971014
3.0,1.1,40,70,940.995512592592
3.0,1.1,60,70,937.747102083333
3.0,1.1,100,70,936.489866666667
3.0,1.1,0,80,1512.26907037037
3.0,1.1,10,80,1416.15346666667
3.0,1.1,15,80,1324.64892345679
3.0,1.1,20,80,1232.9091804878
3.0,1.1,30,80,1030.75631965812
3.0,1.1,40,80,958.175620238095
3.0,1.1,60,80,944.790716091954
3.0,1.1,100,80,942.632834666667
3.0,1.1,0,100,1409.0679969697
3.0,1.1,10,100,1351.40790526316
3.0,1.1,15,100,1289.78134888889
3.0,1.1,20,100,1219.27289781421
3.0,1.1,30,100,1088.78894803922
3.0,1.1,40,100,985.970693055556
3.0,1.1,60,100,945.487126388889
3.0,1.1,100,100,944.765764912281
3.0,1.1,0,150,1320.10464848485
3.0,1.1,10,150,1274.51924166667
3.0,1.1,15,150,1238.89323653846
3.0,1.1,20,150,1200.37938242424
3.0,1.1,30,150,1106.9700379085
3.0,1.1,40,150,1019.94242285714
3.0,1.1,60,150,952.047446666666
3.0,1.1,100,150,944.921463963964
3.0,1.1,0,200,1209.73126363636
3.0,1.1,10,200,1179.68471666667
3.0,1.1,15,200,1159.36258888889
3.0,1.1,20,200,1133.17688333333
3.0,1.1,30,200,1083.25769333333
3.0,1.1,40,200,1034.18667407407
3.0,1.1,60,200,986.1647715847
3.0,1.1,100,200,949.985395061728
3.0,1.1,0,250,1087.27701428571
3.0,1.1,10,250,1077.84635
3.0,1.1,15,250,1069.17603333333
3.0,1.1,20,250,1060.27737916667
3.0,1.1,30,250,1042.42912222222
3.0,1.1,40,250,1024.03235
3.0,1.1,60,250,993.880464583333
3.0,1.1,100,250,970.649716666667
3.0,1.1,0,300,NaN
3.0,1.1,10,300,NaN
3.0,1.1,15,300,NaN
3.0,1.1,20,300,NaN
3.0,1.1,30,300,NaN
3.0,1.1,40,300,NaN
3.0,1.1,60,300,NaN
3.0,1.1,100,300,NaN
3.0,1.1,0,400,NaN
3.0,1.1,10,400,NaN
3.0,1.1,15,400,NaN
3.0,1.1,20,400,NaN
3.0,1.1,30,400,NaN
3.0,1.1,40,400,NaN
3.0,1.1,60,400,NaN
3.0,1.1,100,400,NaN
3.0,1.1,0,500,NaN
3.0,1.1,10,500,NaN
3.0,1.1,15,500,NaN
3.0,1.1,20,500,NaN
3.0,1.1,30,500,NaN
3.0,1.1,40,500,NaN
3.0,1.1,60,500,NaN
3.0,1.1,100,500,NaN
3.0,1.2,0,70,1465.86133333333
3.0,1.2,10,70,1348.14225
3.0,1.2,15,70,1256.04741481482
3.0,1.2,20,70,1145.13487085739
3.0,1.2,30,70,950.099433333333
3.0,1.2,40,70,890.62982
3.0,1.2,60,70,886.398422222222
3.0,1.2,100,70,880.978633333333
3.0,1.2,0,80,1368.51877833333
3.0,1.2,10,80,1250.721825
3.0,1.2,15,80,1190.42463333333
3.0,1.2,20,80,1097.02614705882
3.0,1.2,30,80,954.18639
3.0,1.2,40,80,893.047223333333
3.0,1.2,60,80,883.444422222222
3.0,1.2,100,80,880.990366666667
3.0,1.2,0,100,1262.735125
3.0,1.2,10,100,1179.42044166667
3.0,1.2,15,100,1126.32882424242
3.0,1.2,20,100,1056.4056
3.0,1.2,30,100,968.66098245614
3.0,1.2,40,100,908.2645
3.0,1.2,60,100,889.374516666667
3.0,1.2,100,100,886.274616666667
3.0,1.2,0,150,1176.95826666667
3.0,1.2,10,150,1110.1211353187
3.0,1.2,15,150,1090.14033849245
3.0,1.2,20,150,1045.17308757782
3.0,1.2,30,150,978.855166666667
3.0,1.2,40,150,928.007185714286
3.0,1.2,60,150,896.770485714286
3.0,1.2,100,150,891.047933333333
3.0,1.2,0,200,1054.43313333333
3.0,1.2,10,200,1025.74313333333
3.0,1.2,15,200,1013.2643969697
3.0,1.2,20,200,995.403328571429
3.0,1.2,30,200,967.02314
3.0,1.2,40,200,942.910216666667
3.0,1.2,60,200,903.469566666667
3.0,1.2,100,200,888.471755555556
3.0,1.2,0,250,987.8126
3.0,1.2,10,250,974.63055
3.0,1.2,15,250,973.082775757576
3.0,1.2,20,250,966.675083333333
3.0,1.2,30,250,955.564144444445
3.0,1.2,40,250,940.314572222222
3.0,1.2,60,250,924.4884
3.0,1.2,100,250,911.225820833333
3.0,1.2,0,300,NaN
3.0,1.2,10,300,NaN
3.0,1.2,15,300,NaN
3.0,1.2,20,300,NaN
3.0,1.2,30,300,NaN
3.0,1.2,40,300,NaN
3.0,1.2,60,300,NaN
3.0,1.2,100,300,NaN
3.0,1.2,0,400,NaN
3.0,1.2,10,400,NaN
3.0,1.2,15,400,NaN
3.0,1.2,20,400,NaN
3.0,1.2,30,400,NaN
3.0,1.2,40,400,NaN
3.0,1.2,60,400,NaN
3.0,1.2,100,400,NaN
3.0,1.2,0,500,NaN
3.0,1.2,10,500,NaN
3.0,1.2,15,500,NaN
3.0,1.2,20,500,NaN
3.0,1.2,30,500,NaN
3.0,1.2,40,500,NaN
3.0,1.2,60,500,NaN
3.0,1.2,100,500,NaN
3.0,1.05,0,70,1623.32480333333
3.0,1.05,10,70,1472.24516666667
3.0,1.05,15,70,1355.91766666667
3.0,1.05,20,70,1228.89045
3.0,1.05,30,70,1014.53311111111
3.0,1.05,40,70,967.385155555556
3.0,1.05,60,70,964.116966666667
3.0,1.05,100,70,964.771670833333
3.0,1.05,0,80,1550.62445384615
3.0,1.05,10,80,1444.00143333333
3.0,1.05,15,80,1347.08081666667
3.0,1.05,20,80,1254.59568333333
3.0,1.05,30,80,1071.10809019608
3.0,1.05,40,80,980.361656666667
3.0,1.05,60,80,969.388933333333
3.0,1.05,100,80,967.911690476191
3.0,1.05,0,100,1443.53964375
3.0,1.05,10,100,1376.14468666667
3.0,1.05,15,100,1317.77155833333
3.0,1.05,20,100,1256.43091764706
3.0,1.05,30,100,1112.78015686274
3.0,1.05,40,100,1006.12566078431
3.0,1.05,60,100,971.059523333333
3.0,1.05,100,100,970.77486969697
3.0,1.05,0,150,1361.40128333333
3.0,1.05,10,150,1313.91392962963
3.0,1.05,15,150,1270.33211666667
3.0,1.05,20,150,1224.64671754386
3.0,1.05,30,150,1130.02846825397
3.0,1.05,40,150,1042.495875
3.0,1.05,60,150,978.371595238095
3.0,1.05,100,150,975.630560606061
3.0,1.05,0,200,1245.52992820513
3.0,1.05,10,200,1214.81606666667
3.0,1.05,15,200,1193.44216
3.0,1.05,20,200,1165.679
3.0,1.05,30,200,1119.42417936508
3.0,1.05,40,200,1064.00443541667
3.0,1.05,60,200,992.982739393939
3.0,1.05,100,200,979.9907125
3.0,1.05,0,250,1144.85066923077
3.0,1.05,10,250,1128.36929230769
3.0,1.05,15,250,1118.37099166667
3.0,1.05,20,250,1109.44768809524
3.0,1.05,30,250,1085.81258
3.0,1.05,40,250,1066.2720745098
3.0,1.05,60,250,1029.2284
3.0,1.05,100,250,996.9296125
3.0,1.05,0,300,NaN
3.0,1.05,10,300,NaN
3.0,1.05,15,300,NaN
3.0,1.05,20,300,NaN
3.0,1.05,30,300,NaN
3.0,1.05,40,300,NaN
3.0,1.05,60,300,NaN
3.0,1.05,100,300,NaN
3.0,1.05,0,400,NaN
3.0,1.05,10,400,NaN
3.0,1.05,15,400,NaN
3.0,1.05,20,400,NaN
3.0,1.05,30,400,NaN
3.0,1.05,40,400,NaN
3.0,1.05,60,400,NaN
3.0,1.05,100,400,NaN
3.0,1.05,0,500,NaN
3.0,1.05,10,500,NaN
3.0,1.05,15,500,NaN
3.0,1.05,20,500,NaN
3.0,1.05,30,500,NaN
3.0,1.05,40,500,NaN
3.0,1.05,60,500,NaN
3.0,1.05,100,500,NaN
3.0,1.0,0,70,1647.24392496329
3.0,1.0,10,70,1469.23333333333
3.0,1.0,15,70,1385.93646666667
3.0,1.0,20,70,1253.97316333333
3.0,1.0,30,70,1030.25578111111
3.0,1.0,40,70,996.633614102564
3.0,1.0,60,70,994.395633333333
3.0,1.0,100,70,992.5011
3.0,1.0,0,80,1626.95313901639
3.0,1.0,10,80,1444.79523333333
3.0,1.0,15,80,1369.94005992192
3.0,1.0,20,80,1264.22963833333
3.0,1.0,30,80,1045.43754878049
3.0,1.0,40,80,999.383033333333
3.0,1.0,60,80,994.759601960784
3.0,1.0,100,80,993.095590476191
3.0,1.0,0,100,1573.43440530303
3.0,1.0,10,100,1426.19404043664
3.0,1.0,15,100,1351.95523076923
3.0,1.0,20,100,1272.48173953488
3.0,1.0,30,100,1077.89034234234
3.0,1.0,40,100,1005.28566439394
3.0,1.0,60,100,994.682100900901
3.0,1.0,100,100,992.573675
3.0,1.0,0,150,1464.58901071429
3.0,1.0,10,150,1375.07391865199
3.0,1.0,15,150,1317.75620462963
3.0,1.0,20,150,1258.4762725
3.0,1.0,30,150,1132.83369534884
3.0,1.0,40,150,1036.990448
3.0,1.0,60,150,999.628447747748
3.0,1.0,100,150,996.268135897436
3.0,1.0,0,200,1398.486216
3.0,1.0,10,200,1333.72523515151
3.0,1.0,15,200,1292.57520296296
3.0,1.0,20,200,1247.49823888889
3.0,1.0,30,200,1160.18477126437
3.0,1.0,40,200,1069.37761666667
3.0,1.0,60,200,1000.6799325
3.0,1.0,100,200,993.812453333333
3.0,1.0,0,250,1342.03562614379
3.0,1.0,10,250,1288.01859294872
3.0,1.0,15,250,1263.38526701754
3.0,1.0,20,250,1233.96277989418
3.0,1.0,30,250,1170.23187612613
3.0,1.0,40,250,1104.58154333333
3.0,1.0,60,250,1021.0716122807
3.0,1.0,100,250,999.815940229885
3.0,1.0,0,300,1299.11885738397
3.0,1.0,10,300,1263.45194855072
3.0,1.0,15,300,1247.57023555556
3.0,1.0,20,300,1225.91611444444
3.0,1.0,30,300,1178.5337862069
3.0,1.0,40,300,1125.56337857143
3.0,1.0,60,300,1049.66594421769
3.0,1.0,100,300,1008.28798383838
3.0,1.0,0,400,1237.44424734848
3.0,1.0,10,400,1221.50474379845
3.0,1.0,15,400,1214.13810148148
3.0,1.0,20,400,1202.75713095238
3.0,1.0,30,400,1171.74638372093
3.0,1.0,40,400,1141.72895454545
3.0,1.0,60,400,1082.68974810127
3.0,1.0,100,400,1014.33486742424
3.0,1.0,0,500,1192.75907555556
3.0,1.0,10,500,1186.80376478873
3.0,1.0,15,500,1181.42694944444
3.0,1.0,20,500,1174.21218949772
3.0,1.0,30,500,1155.16883666667
3.0,1.0,40,500,1135.71226484848
3.0,1.0,60,500,1095.76147083333
3.0,1.0,100,500,1028.1821
5.0,0.8,0,70,1638.16588592593
5.0,0.8,10,70,1486.30331666667
5.0,0.8,15,70,1337.70824393939
5.0,0.8,20,70,1211.2393147541
5.0,0.8,30,70,1018.20874504505
5.0,0.8,40,70,983.733016666667
5.0,0.8,60,70,980.757278787879
5.0,0.8,100,70,979.145057692308
5.0,0.8,0,80,1540.25257435897
5.0,0.8,10,80,1438.20723985507
5.0,0.8,15,80,1326.6243
5.0,0.8,20,80,1224.62915757576
5.0,0.8,30,80,1060.78814234234
5.0,0.8,40,80,998.019892982456
5.0,0.8,60,80,990.919973333333
5.0,0.8,100,80,989.852078431372
5.0,0.8,0,100,1425.26136315789
5.0,0.8,10,100,1362.90240381705
5.0,0.8,15,100,1304.4149474359
5.0,0.8,20,100,1228.75005925926
5.0,0.8,30,100,1119.55499
5.0,0.8,40,100,1021.53973846154
5.0,0.8,60,100,989.423725757576
5.0,0.8,100,100,987.24997
5.0,0.8,0,150,1337.89700784314
5.0,0.8,10,150,1313.48258571429
5.0,0.8,15,150,1266.08574722222
5.0,0.8,20,150,1223.63990555556
5.0,0.8,30,150,1134.3216821256
5.0,0.8,40,150,1051.61395888889
5.0,0.8,60,150,993.868287719298
5.0,0.8,100,150,988.5536
5.0,0.8,0,200,1239.25647878788
5.0,0.8,10,200,1220.33875666667
5.0,0.8,15,200,1206.02168166667
5.0,0.8,20,200,1181.72281555556
5.0,0.8,30,200,1140.51225886525
5.0,0.8,40,200,1095.74439083333
5.0,0.8,60,200,1028.72023157895
5.0,0.8,100,200,998.539949122807
5.0,0.8,0,250,1172.21709951011
5.0,0.8,10,250,1134.7116025641
5.0,0.8,15,250,1157.91407086787
5.0,0.8,20,250,1150.35670346625
5.0,0.8,30,250,1136.40768559682
5.0,0.8,40,250,1116.11170013937
5.0,0.8,60,250,1104.90115708952
5.0,0.8,100,250,1052.2017616183
5.0,0.8,0,300,NaN
5.0,0.8,10,300,NaN
5.0,0.8,15,300,NaN
5.0,0.8,20,300,NaN
5.0,0.8,30,300,NaN
5.0,0.8,40,300,NaN
5.0,0.8,60,300,NaN
5.0,0.8,100,300,NaN
5.0,0.8,0,400,NaN
5.0,0.8,10,400,NaN
5.0,0.8,15,400,NaN
5.0,0.8,20,400,NaN
5.0,0.8,30,400,NaN
5.0,0.8,40,400,NaN
5.0,0.8,60,400,NaN
5.0,0.8,100,400,NaN
5.0,0.8,0,500,NaN
5.0,0.8,10,500,NaN
5.0,0.8,15,500,NaN
5.0,0.8,20,500,NaN
5.0,0.8,30,500,NaN
5.0,0.8,40,500,NaN
5.0,0.8,60,500,NaN
5.0,0.8,100,500,NaN
5.0,0.91,0,70,1634.71755277778
5.0,0.91,10,70,1552.91936666667
5.0,0.91,15,70,1414.61785641026
5.0,0.91,20,70,1264.15896933333
5.0,0.91,30,70,1061.38291944444
5.0,0.91,40,70,998.176413888889
5.0,0.91,60,70,995.398635897436
5.0,0.91,100,70,997.141544444444
5.0,0.91,0,80,1570.4622
5.0,0.91,10,80,1483.86764166667
5.0,0.91,15,80,1391.94750526316
5.0,0.91,20,80,1297.36686666667
5.0,0.91,30,80,1109.14968378378
5.0,0.91,40,80,1013.72333333333
5.0,0.91,60,80,1000.82263611111
5.0,0.91,100,80,997.610508333333
5.0,0.91,0,100,1463.78868
5.0,0.91,10,100,1415.19428627451
5.0,0.91,15,100,1361.58165952381
5.0,0.91,20,100,1296.02656296296
5.0,0.91,30,100,1161.40909583333
5.0,0.91,40,100,1054.60760793651
5.0,0.91,60,100,1003.90542982456
5.0,0.91,100,100,1002.99078703704
5.0,0.91,0,150,1374.01932272727
5.0,0.91,10,150,1349.46144117647
5.0,0.91,15,150,1315.27543333333
5.0,0.91,20,150,1268.87136568627
5.0,0.91,30,150,1182.00374722222
5.0,0.91,40,150,1094.49507681159
5.0,0.91,60,150,1014.16156666667
5.0,0.91,100,150,1008.47936296296
5.0,0.91,0,200,1277.35518888889
5.0,0.91,10,200,1262.55771746032
5.0,0.91,15,200,1245.66
5.0,0.91,20,200,1222.97116818182
5.0,0.91,30,200,1173.55364666667
5.0,0.91,40,200,1119.66366
5.0,0.91,60,200,1044.21011428571
5.0,0.91,100,200,1015.60168484848
5.0,0.91,0,250,1174.29700634921
5.0,0.91,10,250,1167.00980138889
5.0,0.91,15,250,1159.54242424242
5.0,0.91,20,250,1152.01878095238
5.0,0.91,30,250,1135.05274920635
5.0,0.91,40,250,1115.84302222222
5.0,0.91,60,250,1079.55358596491
5.0,0.91,100,250,1036.32487361111
5.0,0.91,0,300,NaN
5.0,0.91,10,300,NaN
5.0,0.91,15,300,NaN
5.0,0.91,20,300,NaN
5.0,0.91,30,300,NaN
5.0,0.91,40,300,NaN
5.0,0.91,60,300,NaN
5.0,0.91,100,300,NaN
5.0,0.91,0,400,NaN
5.0,0.91,10,400,NaN
5.0,0.91,15,400,NaN
5.0,0.91,20,400,NaN
5.0,0.91,30,400,NaN
5.0,0.91,40,400,NaN
5.0,0.91,60,400,NaN
5.0,0.91,100,400,NaN
5.0,0.91,0,500,NaN
5.0,0.91,10,500,NaN
5.0,0.91,15,500,NaN
5.0,0.91,20,500,NaN
5.0,0.91,30,500,NaN
5.0,0.91,40,500,NaN
5.0,0.91,60,500,NaN
5.0,0.91,100,500,NaN
5.0,1.1,0,70,1555.01800215054
5.0,1.1,10,70,1435.02916454408
5.0,1.1,15,70,1336.00586464995
5.0,1.1,20,70,1190.34712009132
5.0,1.1,30,70,978.033189029536
5.0,1.1,40,70,943.641115517241
5.0,1.1,60,70,939.662728333333
5.0,1.1,100,70,936.162525185185
5.0,1.1,0,80,1494.98191818182
5.0,1.1,10,80,1406.7335875
5.0,1.1,15,80,1320.21804599597
5.0,1.1,20,80,1208.44717445255
5.0,1.1,30,80,1025.40968380952
5.0,1.1,40,80,958.370658333333
5.0,1.1,60,80,945.781400555556
5.0,1.1,100,80,942.980631904762
5.0,1.1,0,100,1394.32594166667
5.0,1.1,10,100,1335.85662916667
5.0,1.1,15,100,1283.72994583333
5.0,1.1,20,100,1202.21535300546
5.0,1.1,30,100,1072.18037764228
5.0,1.1,40,100,983.75811925926
5.0,1.1,60,100,948.486355263157
5.0,1.1,100,100,946.527612568306
5.0,1.1,0,150,1309.72338333333
5.0,1.1,10,150,1270.49618333333
5.0,1.1,15,150,1230.00572913501
5.0,1.1,20,150,1177.45624677419
5.0,1.1,30,150,1095.11830627706
5.0,1.1,40,150,1016.8603036036
5.0,1.1,60,150,956.388618181818
5.0,1.1,100,150,951.07083025641
5.0,1.1,0,200,1204.76065151515
5.0,1.1,10,200,1179.40220555556
5.0,1.1,15,200,1159.08710350877
5.0,1.1,20,200,1138.47271568627
5.0,1.1,30,200,1093.22824863388
5.0,1.1,40,200,1047.35608042328
5.0,1.1,60,200,983.131346031746
5.0,1.1,100,200,956.699319354839
5.0,1.1,0,250,1089.78965
5.0,1.1,10,250,1073.72293333333
5.0,1.1,15,250,1064.61997083333
5.0,1.1,20,250,1054.36122916667
5.0,1.1,30,250,1036.80416060606
5.0,1.1,40,250,1019.2703
5.0,1.1,60,250,992.338626666667
5.0,1.1,100,250,965.640728205128
5.0,1.1,0,300,NaN
5.0,1.1,10,300,NaN
5.0,1.1,15,300,NaN
5.0,1.1,20,300,NaN
5.0,1.1,30,300,NaN
5.0,1.1,40,300,NaN
5.0,1.1,60,300,NaN
5.0,1.1,100,300,NaN
5.0,1.1,0,400,NaN
5.0,1.1,10,400,NaN
5.0,1.1,15,400,NaN
5.0,1.1,20,400,NaN
5.0,1.1,30,400,NaN
5.0,1.1,40,400,NaN
5.0,1.1,60,400,NaN
5.0,1.1,100,400,NaN
5.0,1.1,0,500,NaN
5.0,1.1,10,500,NaN
5.0,1.1,15,500,NaN
5.0,1.1,20,500,NaN
5.0,1.1,30,500,NaN
5.0,1.1,40,500,NaN
5.0,1.1,60,500,NaN
5.0,1.1,100,500,NaN
5.0,1.2,0,70,1434.26576666667
5.0,1.2,10,70,1331.98666
5.0,1.2,15,70,1237.00538571429
5.0,1.2,20,70,1127.62856666667
5.0,1.2,30,70,939.469378571429
5.0,1.2,40,70,901.915211111111
5.0,1.2,60,70,898.064033333333
5.0,1.2,100,70,894.50308
5.0,1.2,0,80,1356.20999649123
5.0,1.2,10,80,1237.03374271302
5.0,1.2,15,80,1163.84688717949
5.0,1.2,20,80,1076.65752777778
5.0,1.2,30,80,942.3327
5.0,1.2,40,80,903.675642857143
5.0,1.2,60,80,895.59752
5.0,1.2,100,80,890.904
5.0,1.2,0,100,1225.52164
5.0,1.2,10,100,1166.83313333333
5.0,1.2,15,100,1110.96892857143
5.0,1.2,20,100,1039.32444848485
5.0,1.2,30,100,949.538166666667
5.0,1.2,40,100,905.845561111111
5.0,1.2,60,100,887.045511111111
5.0,1.2,100,100,884.403133333333
5.0,1.2,0,150,1115.88143333333
5.0,1.2,10,150,1077.6481
5.0,1.2,15,150,1048.33863333333
5.0,1.2,20,150,1016.98624166667
5.0,1.2,30,150,951.529233333333
5.0,1.2,40,150,911.393472222222
5.0,1.2,60,150,893.985466666667
5.0,1.2,100,150,891.687333333333
5.0,1.2,0,200,1032.94896666667
5.0,1.2,10,200,1016.13430666667
5.0,1.2,15,200,994.706513333333
5.0,1.2,20,200,981.7029
5.0,1.2,30,200,954.534633333333
5.0,1.2,40,200,941.345283333333
5.0,1.2,60,200,906.939275
5.0,1.2,100,200,897.901533333333
5.0,1.2,0,250,977.4635
5.0,1.2,10,250,969.499544444444
5.0,1.2,15,250,962.09755
5.0,1.2,20,250,960.517742857143
5.0,1.2,30,250,947.530383333333
5.0,1.2,40,250,935.105
5.0,1.2,60,250,920.920042857143
5.0,1.2,100,250,906.802766666667
5.0,1.2,0,300,NaN
5.0,1.2,10,300,NaN
5.0,1.2,15,300,NaN
5.0,1.2,20,300,NaN
5.0,1.2,30,300,NaN
5.0,1.2,40,300,NaN
5.0,1.2,60,300,NaN
5.0,1.2,100,300,NaN
5.0,1.2,0,400,NaN
5.0,1.2,10,400,NaN
5.0,1.2,15,400,NaN
5.0,1.2,20,400,NaN
5.0,1.2,30,400,NaN
5.0,1.2,40,400,NaN
5.0,1.2,60,400,NaN
5.0,1.2,100,400,NaN
5.0,1.2,0,500,NaN
5.0,1.2,10,500,NaN
5.0,1.2,15,500,NaN
5.0,1.2,20,500,NaN
5.0,1.2,30,500,NaN
5.0,1.2,40,500,NaN
5.0,1.2,60,500,NaN
5.0,1.2,100,500,NaN
5.0,1.05,0,70,1605.65749444444
5.0,1.05,10,70,1475.74906190476
5.0,1.05,15,70,1355.65256315789
5.0,1.05,20,70,1238.42601481481
5.0,1.05,30,70,1017.98006296296
5.0,1.05,40,70,967.977376666667
5.0,1.05,60,70,964.572346666667
5.0,1.05,100,70,964.362448717949
5.0,1.05,0,80,1542.19616327684
5.0,1.05,10,80,1441.19448271605
5.0,1.05,15,80,1351.67895277778
5.0,1.05,20,80,1253.8107962963
5.0,1.05,30,80,1077.09159166667
5.0,1.05,40,80,982.271238888889
5.0,1.05,60,80,968.587953333334
5.0,1.05,100,80,966.995985714286
5.0,1.05,0,100,1438.18861851852
5.0,1.05,10,100,1366.48935777778
5.0,1.05,15,100,1317.46456666667
5.0,1.05,20,100,1250.92206666667
5.0,1.05,30,100,1118.19735555556
5.0,1.05,40,100,1010.9697
5.0,1.05,60,100,970.897577777778
5.0,1.05,100,100,969.96733
5.0,1.05,0,150,1360.41478787879
5.0,1.05,10,150,1316.5134
5.0,1.05,15,150,1276.95772777778
5.0,1.05,20,150,1229.80578148148
5.0,1.05,30,150,1138.72223888889
5.0,1.05,40,150,1047.90526049383
5.0,1.05,60,150,981.313694444445
5.0,1.05,100,150,975.243066666667
5.0,1.05,0,200,1247.23781111111
5.0,1.05,10,200,1222.70609259259
5.0,1.05,15,200,1200.64217708333
5.0,1.05,20,200,1176.6245952381
5.0,1.05,30,200,1124.9509
5.0,1.05,40,200,1070.60577142857
5.0,1.05,60,200,994.956747368421
5.0,1.05,100,200,978.76160952381
5.0,1.05,0,250,1141.22783162393
5.0,1.05,10,250,1123.00157575758
5.0,1.05,15,250,1112.57459487179
5.0,1.05,20,250,1100.65431
5.0,1.05,30,250,1082.59582727273
5.0,1.05,40,250,1063.29259166667
5.0,1.05,60,250,1023.1009047619
5.0,1.05,100,250,993.114759259259
5.0,1.05,0,300,NaN
5.0,1.05,10,300,NaN
5.0,1.05,15,300,NaN
5.0,1.05,20,300,NaN
5.0,1.05,30,300,NaN
5.0,1.05,40,300,NaN
5.0,1.05,60,300,NaN
5.0,1.05,100,300,NaN
5.0,1.05,0,400,NaN
5.0,1.05,10,400,NaN
5.0,1.05,15,400,NaN
5.0,1.05,20,400,NaN
5.0,1.05,30,400,NaN
5.0,1.05,40,400,NaN
5.0,1.05,60,400,NaN
5.0,1.05,100,400,NaN
5.0,1.05,0,500,NaN
5.0,1.05,10,500,NaN
5.0,1.05,15,500,NaN
5.0,1.05,20,500,NaN
5.0,1.05,30,500,NaN
5.0,1.05,40,500,NaN
5.0,1.05,60,500,NaN
5.0,1.05,100,500,NaN
5.0,1.0,0,70,1627.74884962406
5.0,1.0,10,70,1470.12472123027
5.0,1.0,15,70,1361.61588595041
5.0,1.0,20,70,1240.83094735976
5.0,1.0,30,70,1029.71573445785
5.0,1.0,40,70,996.310644186047
5.0,1.0,60,70,994.407742592592
5.0,1.0,100,70,992.272435714286
5.0,1.0,0,80,1609.0607811245
5.0,1.0,10,80,1464.093411351
5.0,1.0,15,80,1355.38664490358
5.0,1.0,20,80,1252.02539285714
5.0,1.0,30,80,1057.63296923077
5.0,1.0,40,80,998.935956862745
5.0,1.0,60,80,994.203857264957
5.0,1.0,100,80,992.016831818182
5.0,1.0,0,100,1561.08152575758
5.0,1.0,10,100,1424.75967153185
5.0,1.0,15,100,1346.12396617647
5.0,1.0,20,100,1260.07616451613
5.0,1.0,30,100,1085.00651358025
5.0,1.0,40,100,1006.68516174863
5.0,1.0,60,100,995.92979
5.0,1.0,100,100,993.243038888889
5.0,1.0,0,150,1449.03222275132
5.0,1.0,10,150,1362.98748615819
5.0,1.0,15,150,1313.29160520833
5.0,1.0,20,150,1256.87502418879
5.0,1.0,30,150,1138.04198257576
5.0,1.0,40,150,1043.06291666667
5.0,1.0,60,150,1000.97685714286
5.0,1.0,100,150,997.622987878788
5.0,1.0,0,200,1376.37042643678
5.0,1.0,10,200,1315.23647973856
5.0,1.0,15,200,1283.39896666667
5.0,1.0,20,200,1252.26666666667
5.0,1.0,30,200,1167.71666666667
5.0,1.0,40,200,1083.191078125
5.0,1.0,60,200,1012.77636666667
5.0,1.0,100,200,1002.61954444444
5.0,1.0,0,250,1328.70070430108
5.0,1.0,10,250,1278.74457560137
5.0,1.0,15,250,1256.17799406393
5.0,1.0,20,250,1234.13793666667
5.0,1.0,30,250,1178.28894090909
5.0,1.0,40,250,1110.71199017544
5.0,1.0,60,250,1029.70502424242
5.0,1.0,100,250,1008.66913333333
5.0,1.0,0,300,1285.58960966184
5.0,1.0,10,300,1255.82376875
5.0,1.0,15,300,1243.29848958333
5.0,1.0,20,300,1225.63883888889
5.0,1.0,30,300,1179.27167849462
5.0,1.0,40,300,1131.17666666667
5.0,1.0,60,300,1050.16071282051
5.0,1.0,100,300,1011.76053968254
5.0,1.0,0,400,1226.01926758223
5.0,1.0,10,400,1215.21709951011
5.0,1.0,15,400,1206.391226
5.0,1.0,20,400,1196.1361637037
5.0,1.0,30,400,1167.97742393162
5.0,1.0,40,400,1139.13631355932
5.0,1.0,60,400,1080.26207868852
5.0,1.0,100,400,1017.47325617284
5.0,1.0,0,500,1184.03783333333
5.0,1.0,10,500,1176.74333333333
5.0,1.0,15,500,1173.29188205128
5.0,1.0,20,500,1165.42062539683
5.0,1.0,30,500,1148.94170780142
5.0,1.0,40,500,1131.72080107527
5.0,1.0,60,500,1094.65870208333
5.0,1.0,100,500,1034.16350814815
